Workbook

Sheet 7" Liner Tally NFQ17-8A
K1: AS RUN TALLY
E2: BAKER HUGHES 7" LINER TALLY
D5: Tension: | E5: 929 | G5: Well: | H5: NFQ17-8A | K5: Date: | M5: 45559
D6: Burst: | E6: 11540 Psi | G6: Rig: | H6: West Tucana | K6: Qatar Gas Reps: | M6: Scott Jones / Stephen Bungay
D7: Collapse: | E7: 8530 Psi | G7: Liner Run #: | H7: 1 | K7: Baker Hughes Reps: | M7: Seshu Chapala / Arthur Jones Johnston
D8: Casing Size: | E8: 7 | G8: Block Weight: | H8: 95 | K8: 9-5/8" Shoe: | M8: 13182.61
D9: Weight: | E9: 29 | G9: Drift: | H9: 6.059 in | K9: Shoe Depth: | M9: =M10-5 -> 21381 | N9: 49.47
D10: Connection Type 1: | E10: TSH Wedge 563® | G10: Connection Type 2: | H10: TSH Wedge 563® | K10: Total Depth: | M10: 21386 | N10: 27.58
D11: Grade: | E11: SANICRO 28-110 | G11: Grade: | H11: SANICRO 28-110 | K11: Rat Hole: | M11: =M10-M9 -> 5 | O11: distance from ccl to bottom | R11: =R12+R13 -> 18.92
D12: Make Up Loss: | E12: 4.05 | G12: Make Up Loss: | H12: 4.05 | K12: Top of 7" Liner: | M12: =J329 -> 12116.38 | O12: distance from ccl to mid element | R12: 16.2
D13: Casing Avg Calipered ID: | E13: 6.220 in | G13: Csg Nom ID: | H13: 6.184 | K13: Top of Whipstock Window: | M13: 12418.71 | N13: Pump Output | O13: distance from bottom to mid element | R13: 2.72
D14: Mud Weight: | E14: 11.8 | G14: Centralizers Type: | H14: Red - X Bow Spring | K14: 10-3/4" X-Over: | M14: 1277.56 | N14: 0.12
D15: BF: | E15: =(65.45-E14)/65.45 -> 0.8197097 | G15: Total Centralizers: | H15: =SUM(C18:C277,C278:C283) -> 500
A16: RUN | B16: DESCRIPTION | C16: CENTRALIZERS | E16: DECK | F16: JOINT | G16: EFFECTIVE | H16: JOINT | I16: TOTAL | J16: DEPTH OF | K16: EST STRG | L16: top of jt seen at CT depth (ft) | M16: top of jt seen at (ft) | O16: Calc CCL depth | P16: CCL diff | Q16: final run | R16: expected top joint ( CT depth)
A17: NUM. | C17: No. | D17: Type | E17: NUM. | F17: LENGTH | G17: LENGTH | H17: IN/OUT | I17: LENGTH | J17: TOP OF JT | K17: WEIGHT | M17: COMMENTS
A18: FLOAT SHOE ASSY QELNG-7in-FS-136-NFE | C18: - | D18: Float Shoe - Double Valve, Eccentric | F18: ='DECK TALLY'!O6 -> 3.39 | G18: =F18 -> 3.39 | H18: IN | I18: =G18 -> 3.39 | J18: =M9-G18 -> 21377.61 | K18: =$H$8+(I18*$E$9*$E$15/1000) -> 95.080586 | M18: PN: H100950451GRG1, SN: 110774-110778-1, Max OD: 7.661", 29#, L80
C19: 2 | D19: Shoe Jt - TSH Wedge 563 | F19: ='DECK TALLY'!O7 -> 36.86 | G19: =F19 -> 36.86 | H19: IN | I19: =IF(H19="IN",I18+G19,I18) -> 40.25 | J19: =IF(I19="","",$M$9-I19) -> 21340.75 | K19: =$H$8+(I19*$E$9*$E$15/1000) -> 95.956806
A20: FLOAT COLLAR ASSY QELNG-7in-FC-136-NFE | C20: 1 | D20: Bttm Pup Jt. - TSH Wedge 563 | F20: ='DECK TALLY'!O9 -> 18.51 | G20: =F20-($H$12/12) -> 18.1725 | H20: IN | I20: =IF(H20="IN",I19+G20,I19) -> 58.4225 | J20: =IF(I20="","",$M$9-I20) -> 21322.577 | K20: =$H$8+(I20*$E$9*$E$15/1000) -> 96.388795 | M20: PN: H101890295GRG1, SN: 110696-110679-1, Max OD: 7.671", 29#, L80
C21: - | D21: Float Collar - Double Valve | F21: ='DECK TALLY'!O10 -> 2.91 | G21: =F21 -> 2.91 | H21: IN | I21: =IF(H21="IN",I20+G21,I20) -> 61.3325 | J21: =IF(I21="","",$M$9-I21) -> 21319.667 | K21: =$H$8+(I21*$E$9*$E$15/1000) -> 96.457971
C22: 1 | D22: Top Pup Jt. - TSH Wedge 563 | F22: ='DECK TALLY'!O11 -> 17.53 | G22: =F22 -> 17.53 | H22: IN | I22: =IF(H22="IN",I21+G22,I21) -> 78.8625 | J22: =IF(I22="","",$M$9-I22) -> 21302.138 | K22: =$H$8+(I22*$E$9*$E$15/1000) -> 96.874686
A23: LANDING COLLAR ASSY QELNG-7in-LC-156-NFE | C23: 1 | D23: Bttm Pup Jt. - TSH Wedge 563 | F23: ='DECK TALLY'!O13 -> 18.18 | G23: =F23-($H$12/12) -> 17.8425 | H23: IN | I23: =IF(H23="IN",I22+G23,I22) -> 96.705 | J23: =IF(I23="","",$M$9-I23) -> 21284.295 | K23: =$H$8+(I23*$E$9*$E$15/1000) -> 97.298831 | M23: LFC Landing Collar (Ball Seat Sheared): PN: H274120450GRG1, SN: 108421653-01, Max OD: 7.654"
C24: - | D24: LFC Landing Collar | F24: ='DECK TALLY'!O14 -> 5.16 | G24: =F24 -> 5.16 | H24: IN | I24: =IF(H24="IN",I23+G24,I23) -> 101.865 | J24: =IF(I24="","",$M$9-I24) -> 21279.135 | K24: =$H$8+(I24*$E$9*$E$15/1000) -> 97.421492
C25: 1 | D25: Top Pup Jt. - TSH Wedge 563 | F25: ='DECK TALLY'!O15 -> 18.59 | G25: =F25 -> 18.59 | H25: IN | I25: =IF(H25="IN",I24+G25,I24) -> 120.455 | J25: =IF(I25="","",$M$9-I25) -> 21260.545 | K25: =$H$8+(I25*$E$9*$E$15/1000) -> 97.863406
G26: =F26 -> 0 | H26: OUT | I26: =IF(H26="IN",I25+G26,I25) -> 120.455 | J26: =IF(I26="","",$M$9-I26) -> 21260.545 | K26: =$H$8+(I26*$E$9*$E$15/1000) -> 97.863406
A27: 1 | B27: TSH WEGDE 563 | C27: 2 | D27: Bow Spring | E27: ='DECK TALLY'!B6 -> A1 | F27: ='DECK TALLY'!C6 -> 36.57 | G27: =F27-($E$12/12) -> 36.2325 | H27: IN | I27: =IF(H27="IN",I26+G27,I26) -> 156.6875 | J27: =IF(I27="","",$M$9-I27) -> 21224.312 | K27: =$H$8+(I27*$E$9*$E$15/1000) -> 98.72471 | M27: NO BAKER LOCK APPLIED ON ST
A28: =A27+1 -> 2 | B28: TSH WEGDE 563 | C28: 2 | D28: Bow Spring | E28: ='DECK TALLY'!B7 -> A2 | F28: ='DECK TALLY'!C7 -> 37.23 | G28: =F28-($E$12/12) -> 36.8925 | H28: IN | I28: =IF(H28="IN",I27+G28,I27) -> 193.58 | J28: =IF(I28="","",$M$9-I28) -> 21187.42 | K28: =$H$8+(I28*$E$9*$E$15/1000) -> 99.601703
A29: =A28+1 -> 3 | B29: TSH WEGDE 563 | C29: 2 | D29: Bow Spring | E29: ='DECK TALLY'!B8 -> A3 | F29: ='DECK TALLY'!C8 -> 37 | G29: =F29-($E$12/12) -> 36.6625 | H29: IN | I29: =IF(H29="IN",I28+G29,I28) -> 230.2425 | J29: =IF(I29="","",$M$9-I29) -> 21150.757 | K29: =$H$8+(I29*$E$9*$E$15/1000) -> 100.47323 | R29: =J29+89 -> 21239.757
A30: PJ | B30: TSH W563 PUP JNT | C30: 1 | D30: Bow Spring | E30: Pup VP-8 | F30: 18.25 | G30: =F30-($E$12/12) -> 17.9125 | H30: IN | I30: =IF(H30="IN",I29+G30,I29) -> 248.155 | J30: =IF(I30="","",$M$9-I30) -> 21132.845 | K30: =$H$8+(I30*$E$9*$E$15/1000) -> 100.89904 | M30: PLANNED PIPTAG @ | N30: 21136 | R30: =J30+89 -> 21221.845
A31: =A29+1 -> 4 | B31: TSH WEGDE 563 | C31: 2 | D31: Bow Spring | E31: ='DECK TALLY'!B9 -> A4 | F31: ='DECK TALLY'!C9 -> 36.16 | G31: =F31-($E$12/12) -> 35.8225 | H31: IN | I31: =IF(H31="IN",I30+G31,I30) -> 283.9775 | J31: =IF(I31="","",$M$9-I31) -> 21097.022 | K31: =$H$8+(I31*$E$9*$E$15/1000) -> 101.75059 | M31: PIP TAG # 1 ON JT # | N31: =E31 -> A4 | R31: =J31+89 -> 21186.022
A32: =A31+1 -> 5 | B32: TSH WEGDE 563 | C32: 1 | D32: Bow Spring | E32: ='DECK TALLY'!B10 -> A5 | F32: ='DECK TALLY'!C10 -> 36.91 | G32: =F32-($E$12/12) -> 36.5725 | H32: IN | I32: =IF(H32="IN",I31+G32,I31) -> 320.55 | J32: =IF(I32="","",$M$9-I32) -> 21060.45 | K32: =$H$8+(I32*$E$9*$E$15/1000) -> 102.61998 | M32: INSTALL EXTRA STOP COLLAR W/PIP TAG, 5 ft FROM PIN END ON JT # A4 | R32: =J32+89 -> 21149.45
A33: =A32+1 -> 6 | B33: TSH WEGDE 563 | C33: 2 | D33: Bow Spring | E33: ='DECK TALLY'!B11 -> A6 | F33: ='DECK TALLY'!C11 -> 35.36 | G33: =F33-($E$12/12) -> 35.0225 | H33: IN | I33: =IF(H33="IN",I32+G33,I32) -> 355.5725 | J33: =IF(I33="","",$M$9-I33) -> 21025.428 | K33: =$H$8+(I33*$E$9*$E$15/1000) -> 103.45252 | R33: =J33+89 -> 21114.428
A34: =A33+1 -> 7 | B34: TSH WEGDE 563 | C34: 2 | D34: Bow Spring | E34: ='DECK TALLY'!B12 -> A7 | F34: ='DECK TALLY'!C12 -> 36.41 | G34: =F34-($E$12/12) -> 36.0725 | H34: IN | I34: =IF(H34="IN",I33+G34,I33) -> 391.645 | J34: =IF(I34="","",$M$9-I34) -> 20989.355 | K34: =$H$8+(I34*$E$9*$E$15/1000) -> 104.31002 | M34: Cont. EZSV correlation | R34: =J34+89 -> 21078.355
A35: =A34+1 -> 8 | B35: TSH WEGDE 563 | C35: 2 | D35: Bow Spring | E35: ='DECK TALLY'!B13 -> A8 | F35: ='DECK TALLY'!C13 -> 36.6 | G35: =F35-($E$12/12) -> 36.2625 | H35: IN | I35: =IF(H35="IN",I34+G35,I34) -> 427.9075 | J35: =IF(I35="","",$M$9-I35) -> 20953.092 | K35: =$H$8+(I35*$E$9*$E$15/1000) -> 105.17204 | M35: ACTUAL PIP TAG DEPTH @ | N35: =J30-5 -> 21127.845 | R35: =J35+89 -> 21042.092
A36: =A35+1 -> 9 | B36: TSH WEGDE 563 | C36: 2 | D36: Bow Spring | E36: ='DECK TALLY'!B14 -> A9 | F36: ='DECK TALLY'!C14 -> 36.48 | G36: =F36-($E$12/12) -> 36.1425 | H36: IN | I36: =IF(H36="IN",I35+G36,I35) -> 464.05 | J36: =IF(I36="","",$M$9-I36) -> 20916.95 | K36: =$H$8+(I36*$E$9*$E$15/1000) -> 106.0312 | R36: =J36+89 -> 21005.95
A37: =A36+1 -> 10 | B37: TSH WEGDE 563 | C37: 2 | D37: Bow Spring | E37: ='DECK TALLY'!B15 -> B1 | F37: ='DECK TALLY'!C15 -> 36.37 | G37: =F37-($E$12/12) -> 36.0325 | H37: IN | I37: =IF(H37="IN",I36+G37,I36) -> 500.0825 | J37: =IF(I37="","",$M$9-I37) -> 20880.917 | K37: =$H$8+(I37*$E$9*$E$15/1000) -> 106.88775 | R37: =J37+89 -> 20969.917
A38: =A37+1 -> 11 | B38: TSH WEGDE 563 | C38: 2 | D38: Bow Spring | E38: ='DECK TALLY'!B16 -> B2 | F38: ='DECK TALLY'!C16 -> 36.15 | G38: =F38-($E$12/12) -> 35.8125 | H38: IN | I38: =IF(H38="IN",I37+G38,I37) -> 535.895 | J38: =IF(I38="","",$M$9-I38) -> 20845.105 | K38: =$H$8+(I38*$E$9*$E$15/1000) -> 107.73907 | R38: =J38+89 -> 20934.105
A39: =A38+1 -> 12 | B39: TSH WEGDE 563 | C39: 2 | D39: Bow Spring | E39: ='DECK TALLY'!B17 -> B3 | F39: ='DECK TALLY'!C17 -> 34.87 | G39: =F39-($E$12/12) -> 34.5325 | H39: IN | I39: =IF(H39="IN",I38+G39,I38) -> 570.4275 | J39: =IF(I39="","",$M$9-I39) -> 20810.572 | K39: =$H$8+(I39*$E$9*$E$15/1000) -> 108.55996 | R39: =J39+89 -> 20899.572
A40: =A39+1 -> 13 | B40: TSH WEGDE 563 | C40: 2 | D40: Bow Spring | E40: ='DECK TALLY'!B18 -> B4 | F40: ='DECK TALLY'!C18 -> 36.68 | G40: =F40-($E$12/12) -> 36.3425 | H40: IN | I40: =IF(H40="IN",I39+G40,I39) -> 606.77 | J40: =IF(I40="","",$M$9-I40) -> 20774.23 | K40: =$H$8+(I40*$E$9*$E$15/1000) -> 109.42388 | R40: =J40+89 -> 20863.23
A41: =A40+1 -> 14 | B41: TSH WEGDE 563 | C41: 2 | D41: Bow Spring | E41: ='DECK TALLY'!B19 -> B5 | F41: ='DECK TALLY'!C19 -> 36.66 | G41: =F41-($E$12/12) -> 36.3225 | H41: IN | I41: =IF(H41="IN",I40+G41,I40) -> 643.0925 | J41: =IF(I41="","",$M$9-I41) -> 20737.908 | K41: =$H$8+(I41*$E$9*$E$15/1000) -> 110.28733 | R41: =J41+89 -> 20826.908
A42: =A41+1 -> 15 | B42: TSH WEGDE 563 | C42: 2 | D42: Bow Spring | E42: ='DECK TALLY'!B20 -> B6 | F42: ='DECK TALLY'!C20 -> 36.05 | G42: =F42-($E$12/12) -> 35.7125 | H42: IN | I42: =IF(H42="IN",I41+G42,I41) -> 678.805 | J42: =IF(I42="","",$M$9-I42) -> 20702.195 | K42: =$H$8+(I42*$E$9*$E$15/1000) -> 111.13627 | R42: =J42+89 -> 20791.195
A43: =A42+1 -> 16 | B43: TSH WEGDE 563 | C43: 2 | D43: Bow Spring | E43: ='DECK TALLY'!B21 -> B7 | F43: ='DECK TALLY'!C21 -> 36.61 | G43: =F43-($E$12/12) -> 36.2725 | H43: IN | I43: =IF(H43="IN",I42+G43,I42) -> 715.0775 | J43: =IF(I43="","",$M$9-I43) -> 20665.923 | K43: =$H$8+(I43*$E$9*$E$15/1000) -> 111.99852 | R43: =J43+89 -> 20754.923
A44: =A43+1 -> 17 | B44: TSH WEGDE 563 | C44: 2 | D44: Bow Spring | E44: ='DECK TALLY'!B22 -> B8 | F44: ='DECK TALLY'!C22 -> 36.42 | G44: =F44-($E$12/12) -> 36.0825 | H44: IN | I44: =IF(H44="IN",I43+G44,I43) -> 751.16 | J44: =IF(I44="","",$M$9-I44) -> 20629.84 | K44: =$H$8+(I44*$E$9*$E$15/1000) -> 112.85626 | R44: =J44+89 -> 20718.84
A45: =A44+1 -> 18 | B45: TSH WEGDE 563 | C45: 2 | D45: Bow Spring | E45: ='DECK TALLY'!B23 -> B9 | F45: ='DECK TALLY'!C23 -> 36.67 | G45: =F45-($E$12/12) -> 36.3325 | H45: IN | I45: =IF(H45="IN",I44+G45,I44) -> 787.4925 | J45: =IF(I45="","",$M$9-I45) -> 20593.507 | K45: =$H$8+(I45*$E$9*$E$15/1000) -> 113.71994 | R45: =J45+89 -> 20682.507
A46: =A45+1 -> 19 | B46: TSH WEGDE 563 | C46: 2 | D46: Bow Spring | E46: ='DECK TALLY'!B24 -> C1 | F46: ='DECK TALLY'!C24 -> 35.13 | G46: =F46-($E$12/12) -> 34.7925 | H46: IN | I46: =IF(H46="IN",I45+G46,I45) -> 822.285 | J46: =IF(I46="","",$M$9-I46) -> 20558.715 | K46: =$H$8+(I46*$E$9*$E$15/1000) -> 114.54701 | R46: =J46+89 -> 20647.715
A47: =A46+1 -> 20 | B47: TSH WEGDE 563 | C47: 2 | D47: Bow Spring | E47: ='DECK TALLY'!B25 -> C2 | F47: ='DECK TALLY'!C25 -> 35.21 | G47: =F47-($E$12/12) -> 34.8725 | H47: IN | I47: =IF(H47="IN",I46+G47,I46) -> 857.1575 | J47: =IF(I47="","",$M$9-I47) -> 20523.842 | K47: =$H$8+(I47*$E$9*$E$15/1000) -> 115.37599 | R47: =J47+89 -> 20612.842
... A51: =A50+1 -> 24 | B51: TSH WEGDE 563 | C51: 2 | D51: Bow Spring | E51: ='DECK TALLY'!B29 -> C6 | F51: ='DECK TALLY'!C29 -> 35.46 | G51: =F51-($E$12/12) -> 35.1225 | H51: IN | I51: =IF(H51="IN",I50+G51,I50) -> 997.2075 | J51: =IF(I51="","",$M$9-I51) -> 20383.792 | K51: =$H$8+(I51*$E$9*$E$15/1000) -> 118.7052 | R51: =J51+89 -> 20472.792
A52: =A51+1 -> 25 | B52: TSH WEGDE 563 | C52: 2 | D52: Bow Spring | E52: ='DECK TALLY'!B30 -> C7 | F52: ='DECK TALLY'!C30 -> 34.48 | G52: =F52-($E$12/12) -> 34.1425 | H52: IN | I52: =IF(H52="IN",I51+G52,I51) -> 1031.35 | J52: =IF(I52="","",$M$9-I52) -> 20349.65 | K52: =$H$8+(I52*$E$9*$E$15/1000) -> 119.51682 | R52: =J52+91 -> 20440.65
A53: =A52+1 -> 26 | B53: TSH WEGDE 563 | C53: 2 | D53: Bow Spring | E53: ='DECK TALLY'!B31 -> C8 | F53: ='DECK TALLY'!C31 -> 34.44 | G53: =F53-($E$12/12) -> 34.1025 | H53: IN | I53: =IF(H53="IN",I52+G53,I52) -> 1065.4525 | J53: =IF(I53="","",$M$9-I53) -> 20315.548 | K53: =$H$8+(I53*$E$9*$E$15/1000) -> 120.32749 | R53: =J53+91 -> 20406.548
A54: =A53+1 -> 27 | B54: TSH WEGDE 563 | C54: 2 | D54: Bow Spring | E54: ='DECK TALLY'!B32 -> C9 | F54: ='DECK TALLY'!C32 -> 35.63 | G54: =F54-($E$12/12) -> 35.2925 | H54: IN | I54: =IF(H54="IN",I53+G54,I53) -> 1100.745 | J54: =IF(I54="","",$M$9-I54) -> 20280.255 | K54: =$H$8+(I54*$E$9*$E$15/1000) -> 121.16645 | R54: =J54+91 -> 20371.255
A55: =A54+1 -> 28 | B55: TSH WEGDE 563 | C55: 2 | D55: Bow Spring | E55: ='DECK TALLY'!B33 -> D1 | F55: ='DECK TALLY'!C33 -> 36.48 | G55: =F55-($E$12/12) -> 36.1425 | H55: IN | I55: =IF(H55="IN",I54+G55,I54) -> 1136.8875 | J55: =IF(I55="","",$M$9-I55) -> 20244.112 | K55: =$H$8+(I55*$E$9*$E$15/1000) -> 122.02561 | R55: =J55+91 -> 20335.112
A56: =A55+1 -> 29 | B56: TSH WEGDE 563 | C56: 2 | D56: Bow Spring | E56: ='DECK TALLY'!B34 -> D2 | F56: ='DECK TALLY'!C34 -> 35.74 | G56: =F56-($E$12/12) -> 35.4025 | H56: IN | I56: =IF(H56="IN",I55+G56,I55) -> 1172.29 | J56: =IF(I56="","",$M$9-I56) -> 20208.71 | K56: =$H$8+(I56*$E$9*$E$15/1000) -> 122.86719 | R56: =J56+91 -> 20299.71
A57: =A56+1 -> 30 | B57: TSH WEGDE 563 | C57: 2 | D57: Bow Spring | E57: ='DECK TALLY'!B35 -> D3 | F57: ='DECK TALLY'!C35 -> 35.92 | G57: =F57-($E$12/12) -> 35.5825 | H57: IN | I57: =IF(H57="IN",I56+G57,I56) -> 1207.8725 | J57: =IF(I57="","",$M$9-I57) -> 20173.128 | K57: =$H$8+(I57*$E$9*$E$15/1000) -> 123.71304 | R57: =J57+91 -> 20264.128
A58: =A57+1 -> 31 | B58: TSH WEGDE 563 | C58: 2 | D58: Bow Spring | E58: ='DECK TALLY'!B36 -> D4 | F58: ='DECK TALLY'!C36 -> 35.65 | G58: =F58-($E$12/12) -> 35.3125 | H58: IN | I58: =IF(H58="IN",I57+G58,I57) -> 1243.185 | J58: =IF(I58="","",$M$9-I58) -> 20137.815 | K58: =$H$8+(I58*$E$9*$E$15/1000) -> 124.55247 | R58: =J58+91 -> 20228.815
A59: =A58+1 -> 32 | B59: TSH WEGDE 563 | C59: 2 | D59: Bow Spring | E59: ='DECK TALLY'!B37 -> D5 | F59: ='DECK TALLY'!C37 -> 36.15 | G59: =F59-($E$12/12) -> 35.8125 | H59: IN | I59: =IF(H59="IN",I58+G59,I58) -> 1278.9975 | J59: =IF(I59="","",$M$9-I59) -> 20102.003 | K59: =$H$8+(I59*$E$9*$E$15/1000) -> 125.40379 | R59: =J59+91 -> 20193.003
A60: =A59+1 -> 33 | B60: TSH WEGDE 563 | C60: 2 | D60: Bow Spring | E60: ='DECK TALLY'!B38 -> D6 | F60: ='DECK TALLY'!C38 -> 35.88 | G60: =F60-($E$12/12) -> 35.5425 | H60: IN | I60: =IF(H60="IN",I59+G60,I59) -> 1314.54 | J60: =IF(I60="","",$M$9-I60) -> 20066.46 | K60: =$H$8+(I60*$E$9*$E$15/1000) -> 126.24869 | R60: =J60+91 -> 20157.46
A61: =A60+1 -> 34 | B61: TSH WEGDE 563 | C61: 2 | D61: Bow Spring | E61: ='DECK TALLY'!B39 -> D7 | F61: ='DECK TALLY'!C39 -> 36.49 | G61: =F61-($E$12/12) -> 36.1525 | H61: IN | I61: =IF(H61="IN",I60+G61,I60) -> 1350.6925 | J61: =IF(I61="","",$M$9-I61) -> 20030.307 | K61: =$H$8+(I61*$E$9*$E$15/1000) -> 127.1081 | O61: =L61-18.92 -> -18.92 | R61: =J61+91 -> 20121.307
A62: =A61+1 -> 35 | B62: TSH WEGDE 563 | C62: 2 | D62: Bow Spring | E62: ='DECK TALLY'!B40 -> D8 | F62: ='DECK TALLY'!C40 -> 36.39 | G62: =F62-($E$12/12) -> 36.0525 | H62: IN | I62: =IF(H62="IN",I61+G62,I61) -> 1386.745 | J62: =IF(I62="","",$M$9-I62) -> 19994.255 | K62: =$H$8+(I62*$E$9*$E$15/1000) -> 127.96512 | O62: =L62-18.92 -> -18.92 | R62: =J62+91 -> 20085.255
A63: =A62+1 -> 36 | B63: TSH WEGDE 563 | C63: 2 | D63: Bow Spring | E63: ='DECK TALLY'!B41 -> D9 | F63: ='DECK TALLY'!C41 -> 36.03 | G63: =F63-($E$12/12) -> 35.6925 | H63: IN | I63: =IF(H63="IN",I62+G63,I62) -> 1422.4375 | J63: =IF(I63="","",$M$9-I63) -> 19958.562 | K63: =$H$8+(I63*$E$9*$E$15/1000) -> 128.81359 | O63: =L63-18.92 -> -18.92 | R63: =J63+91 -> 20049.562
A64: =A63+1 -> 37 | B64: TSH WEGDE 563 | C64: 2 | D64: Bow Spring | E64: ='DECK TALLY'!B42 -> E1 | F64: ='DECK TALLY'!C42 -> 37.37 | G64: =F64-($E$12/12) -> 37.0325 | H64: IN | I64: =IF(H64="IN",I63+G64,I63) -> 1459.47 | J64: =IF(I64="","",$M$9-I64) -> 19921.53 | K64: =$H$8+(I64*$E$9*$E$15/1000) -> 129.69391 | O64: =L64-18.92 -> -18.92 | R64: =J64+91 -> 20012.53
A65: =A64+1 -> 38 | B65: TSH WEGDE 563 | C65: 2 | D65: Bow Spring | E65: ='DECK TALLY'!B43 -> E2 | F65: ='DECK TALLY'!C43 -> 34.42 | G65: =F65-($E$12/12) -> 34.0825 | H65: IN | I65: =IF(H65="IN",I64+G65,I64) -> 1493.5525 | J65: =IF(I65="","",$M$9-I65) -> 19887.448 | K65: =$H$8+(I65*$E$9*$E$15/1000) -> 130.5041 | O65: =L65-18.92 -> -18.92 | R65: =J65+91 -> 19978.448
A66: =A65+1 -> 39 | B66: TSH WEGDE 563 | C66: 2 | D66: Bow Spring | E66: ='DECK TALLY'!B44 -> E3 | F66: ='DECK TALLY'!C44 -> 35.2 | G66: =F66-($E$12/12) -> 34.8625 | H66: IN | I66: =IF(H66="IN",I65+G66,I65) -> 1528.415 | J66: =IF(I66="","",$M$9-I66) -> 19852.585 | K66: =$H$8+(I66*$E$9*$E$15/1000) -> 131.33284 | O66: =L66-18.92 -> -18.92 | R66: =J66+91 -> 19943.585
A67: =A66+1 -> 40 | B67: TSH WEGDE 563 | C67: 2 | D67: Bow Spring | E67: ='DECK TALLY'!B45 -> E4 | F67: ='DECK TALLY'!C45 -> 36.93 | G67: =F67-($E$12/12) -> 36.5925 | H67: IN | I67: =IF(H67="IN",I66+G67,I66) -> 1565.0075 | J67: =IF(I67="","",$M$9-I67) -> 19815.993 | K67: =$H$8+(I67*$E$9*$E$15/1000) -> 132.2027 | O67: =L67-18.92 -> -18.92 | R67: =J67+91 -> 19906.993
A68: =A67+1 -> 41 | B68: TSH WEGDE 563 | C68: 2 | D68: Bow Spring | E68: ='DECK TALLY'!B46 -> E5 | F68: ='DECK TALLY'!C46 -> 37.47 | G68: =F68-($E$12/12) -> 37.1325 | H68: IN | I68: =IF(H68="IN",I67+G68,I67) -> 1602.14 | J68: =IF(I68="","",$M$9-I68) -> 19778.86 | K68: =$H$8+(I68*$E$9*$E$15/1000) -> 133.0854 | O68: =L68-18.92 -> -18.92 | R68: =J68+91 -> 19869.86
A69: =A68+1 -> 42 | B69: TSH WEGDE 563 | C69: 2 | D69: Bow Spring | E69: ='DECK TALLY'!B47 -> E6 | F69: ='DECK TALLY'!C47 -> 37.53 | G69: =F69-($E$12/12) -> 37.1925 | H69: IN | I69: =IF(H69="IN",I68+G69,I68) -> 1639.3325 | J69: =IF(I69="","",$M$9-I69) -> 19741.667 | K69: =$H$8+(I69*$E$9*$E$15/1000) -> 133.96953 | O69: =L69-18.92 -> -18.92 | R69: =J69+91 -> 19832.667
A70: =A69+1 -> 43 | B70: TSH WEGDE 563 | C70: 2 | D70: Bow Spring | E70: ='DECK TALLY'!B48 -> E7 | F70: ='DECK TALLY'!C48 -> 36.06 | G70: =F70-($E$12/12) -> 35.7225 | H70: IN | I70: =IF(H70="IN",I69+G70,I69) -> 1675.055 | J70: =IF(I70="","",$M$9-I70) -> 19705.945 | K70: =$H$8+(I70*$E$9*$E$15/1000) -> 134.81871 | O70: =L70-18.92 -> -18.92 | R70: =J70+91 -> 19796.945
A71: =A70+1 -> 44 | B71: TSH WEGDE 563 | C71: 2 | D71: Bow Spring | E71: ='DECK TALLY'!B49 -> E8 | F71: ='DECK TALLY'!C49 -> 35.65 | G71: =F71-($E$12/12) -> 35.3125 | H71: IN | I71: =IF(H71="IN",I70+G71,I70) -> 1710.3675 | J71: =IF(I71="","",$M$9-I71) -> 19670.632 | K71: =$H$8+(I71*$E$9*$E$15/1000) -> 135.65814 | O71: =L71-18.92 -> -18.92 | R71: =J71+91 -> 19761.632
A72: =A71+1 -> 45 | B72: TSH WEGDE 563 | C72: 2 | D72: Bow Spring | E72: ='DECK TALLY'!B50 -> E9 | F72: ='DECK TALLY'!C50 -> 36.63 | G72: =F72-($E$12/12) -> 36.2925 | H72: IN | I72: =IF(H72="IN",I71+G72,I71) -> 1746.66 | J72: =IF(I72="","",$M$9-I72) -> 19634.34 | K72: =$H$8+(I72*$E$9*$E$15/1000) -> 136.52087 | O72: =L72-18.92 -> -18.92 | R72: =J72+91 -> 19725.34
... A74: =A73+1 -> 47 | B74: TSH WEGDE 563 | C74: 2 | D74: Bow Spring | E74: ='DECK TALLY'!B52 -> F2 | F74: ='DECK TALLY'!C52 -> 37.41 | G74: =F74-($E$12/12) -> 37.0725 | H74: IN | I74: =IF(H74="IN",I73+G74,I73) -> 1820.915 | J74: =IF(I74="","",$M$9-I74) -> 19560.085 | K74: =$H$8+(I74*$E$9*$E$15/1000) -> 138.28603 | O74: =L74-18.92 -> -18.92 | R74: =J74+91 -> 19651.085
A75: =A74+1 -> 48 | B75: TSH WEGDE 563 | C75: 2 | D75: Bow Spring | E75: ='DECK TALLY'!B53 -> F3 | F75: ='DECK TALLY'!C53 -> 37.23 | G75: =F75-($E$12/12) -> 36.8925 | H75: IN | I75: =IF(H75="IN",I74+G75,I74) -> 1857.8075 | J75: =IF(I75="","",$M$9-I75) -> 19523.193 | K75: =$H$8+(I75*$E$9*$E$15/1000) -> 139.16302 | L75: =Q75 -> 0 | O75: =L75-18.92 -> -18.92 | R75: =J75+91 -> 19614.193
A76: =A75+1 -> 49 | B76: TSH WEGDE 563 | C76: 2 | D76: Bow Spring | E76: ='DECK TALLY'!B54 -> F4 | F76: ='DECK TALLY'!C54 -> 36.68 | G76: =F76-($E$12/12) -> 36.3425 | H76: IN | I76: =IF(H76="IN",I75+G76,I75) -> 1894.15 | J76: =IF(I76="","",$M$9-I76) -> 19486.85 | K76: =$H$8+(I76*$E$9*$E$15/1000) -> 140.02694 | L76: =Q76 -> 0 | O76: =L76-18.92 -> -18.92 | R76: =J76+91 -> 19577.85
A77: =A76+1 -> 50 | B77: TSH WEGDE 563 | C77: 2 | D77: Bow Spring | E77: ='DECK TALLY'!B55 -> F5 | F77: ='DECK TALLY'!C55 -> 36.29 | G77: =F77-($E$12/12) -> 35.9525 | H77: IN | I77: =IF(H77="IN",I76+G77,I76) -> 1930.1025 | J77: =IF(I77="","",$M$9-I77) -> 19450.897 | K77: =$H$8+(I77*$E$9*$E$15/1000) -> 140.88159 | L77: =Q77 -> 0 | O77: =L77-18.92 -> -18.92 | R77: =J77+91 -> 19541.897
A78: =A77+1 -> 51 | B78: TSH WEGDE 563 | C78: 2 | D78: Bow Spring | E78: ='DECK TALLY'!B56 -> F6 | F78: ='DECK TALLY'!C56 -> 37.2 | G78: =F78-($E$12/12) -> 36.8625 | H78: IN | I78: =IF(H78="IN",I77+G78,I77) -> 1966.965 | J78: =IF(I78="","",$M$9-I78) -> 19414.035 | K78: =$H$8+(I78*$E$9*$E$15/1000) -> 141.75787 | L78: =Q78 -> 19505 | O78: =L78-18.92 -> 19486.08 | Q78: 19505 | R78: =J78+91 -> 19505.035
A79: =A78+1 -> 52 | B79: TSH WEGDE 563 | C79: 2 | D79: Bow Spring | E79: ='DECK TALLY'!B57 -> F7 | F79: ='DECK TALLY'!C57 -> 35.74 | G79: =F79-($E$12/12) -> 35.4025 | H79: IN | I79: =IF(H79="IN",I78+G79,I78) -> 2002.3675 | J79: =IF(I79="","",$M$9-I79) -> 19378.632 | K79: =$H$8+(I79*$E$9*$E$15/1000) -> 142.59944 | L79: =Q79 -> 19470 | O79: =L79-18.92 -> 19451.08 | Q79: 19470 | R79: =J79+91 -> 19469.632
A80: =A79+1 -> 53 | B80: TSH WEGDE 563 | C80: 2 | D80: Bow Spring | E80: ='DECK TALLY'!B58 -> F8 | F80: ='DECK TALLY'!C58 -> 35.88 | G80: =F80-($E$12/12) -> 35.5425 | H80: IN | I80: =IF(H80="IN",I79+G80,I79) -> 2037.91 | J80: =IF(I80="","",$M$9-I80) -> 19343.09 | K80: =$H$8+(I80*$E$9*$E$15/1000) -> 143.44434 | L80: =Q80 -> 19434 | O80: =L80-18.92 -> 19415.08 | Q80: 19434 | R80: =J80+91 -> 19434.09
A81: =A80+1 -> 54 | B81: TSH WEGDE 563 | C81: 2 | D81: Bow Spring | E81: ='DECK TALLY'!B59 -> F9 | F81: ='DECK TALLY'!C59 -> 36.19 | G81: =F81-($E$12/12) -> 35.8525 | H81: IN | I81: =IF(H81="IN",I80+G81,I80) -> 2073.7625 | J81: =IF(I81="","",$M$9-I81) -> 19307.237 | K81: =$H$8+(I81*$E$9*$E$15/1000) -> 144.29661 | L81: =Q81 -> 19398 | O81: =L81-18.92 -> 19379.08 | Q81: 19398 | R81: =J81+91 -> 19398.237 | S81: 91
A82: =A81+1 -> 55 | B82: TSH WEGDE 563 | C82: 2 | D82: Bow Spring | E82: ='DECK TALLY'!B60 -> G1 | F82: ='DECK TALLY'!C60 -> 36.35 | G82: =F82-($E$12/12) -> 36.0125 | H82: IN | I82: =IF(H82="IN",I81+G82,I81) -> 2109.775 | J82: =IF(I82="","",$M$9-I82) -> 19271.225 | K82: =$H$8+(I82*$E$9*$E$15/1000) -> 145.15269 | L82: =Q82 -> 19362 | O82: =L82-18.92 -> 19343.08 | Q82: 19362 | R82: =J82+89 -> 19360.225
A83: =A82+1 -> 56 | B83: TSH WEGDE 563 | C83: 2 | D83: Bow Spring | E83: ='DECK TALLY'!B61 -> G2 | F83: ='DECK TALLY'!C61 -> 37.45 | G83: =F83-($E$12/12) -> 37.1125 | H83: IN | I83: =IF(H83="IN",I82+G83,I82) -> 2146.8875 | J83: =IF(I83="","",$M$9-I83) -> 19234.112 | K83: =$H$8+(I83*$E$9*$E$15/1000) -> 146.03491 | L83: =Q83 -> 19324 | O83: =L83-18.92 -> 19305.08 | Q83: 19324 | R83: =J83+89 -> 19323.112
A84: =A83+1 -> 57 | B84: TSH WEGDE 563 | C84: 2 | D84: Bow Spring | E84: ='DECK TALLY'!B62 -> G3 | F84: ='DECK TALLY'!C62 -> 36.84 | G84: =F84-($E$12/12) -> 36.5025 | H84: IN | I84: =IF(H84="IN",I83+G84,I83) -> 2183.39 | J84: =IF(I84="","",$M$9-I84) -> 19197.61 | K84: =$H$8+(I84*$E$9*$E$15/1000) -> 146.90263 | L84: =Q84 -> 19288 | O84: =L84-18.92 -> 19269.08 | Q84: 19288 | R84: =J84+89 -> 19286.61
A85: =A84+1 -> 58 | B85: TSH WEGDE 563 | C85: 2 | D85: Bow Spring | E85: ='DECK TALLY'!B63 -> G4 | F85: ='DECK TALLY'!C63 -> 35.96 | G85: =F85-($E$12/12) -> 35.6225 | H85: IN | I85: =IF(H85="IN",I84+G85,I84) -> 2219.0125 | J85: =IF(I85="","",$M$9-I85) -> 19161.987 | K85: =$H$8+(I85*$E$9*$E$15/1000) -> 147.74944 | L85: =Q85 -> 19252 | O85: =L85-18.92 -> 19233.08 | P85: =O85-J85 -> 71.0925 | Q85: 19252 | R85: =J85+89 -> 19250.987
A86: =A85+1 -> 59 | B86: TSH WEGDE 563 | C86: 2 | D86: Bow Spring | E86: ='DECK TALLY'!B64 -> G5 | F86: ='DECK TALLY'!C64 -> 36.76 | G86: =F86-($E$12/12) -> 36.4225 | H86: IN | I86: =IF(H86="IN",I85+G86,I85) -> 2255.435 | J86: =IF(I86="","",$M$9-I86) -> 19125.565 | K86: =$H$8+(I86*$E$9*$E$15/1000) -> 148.61526 | L86: =Q86 -> 19215 | O86: =L86-18.92 -> 19196.08 | Q86: 19215 | R86: =J86+89 -> 19214.565
A87: =A86+1 -> 60 | B87: TSH WEGDE 563 | C87: 2 | D87: Bow Spring | E87: ='DECK TALLY'!B65 -> G6 | F87: ='DECK TALLY'!C65 -> 36.44 | G87: =F87-($E$12/12) -> 36.1025 | H87: IN | I87: =IF(H87="IN",I86+G87,I86) -> 2291.5375 | J87: =IF(I87="","",$M$9-I87) -> 19089.463 | K87: =$H$8+(I87*$E$9*$E$15/1000) -> 149.47347 | O87: =L87-18.92 -> -18.92 | Q87: 19179 | R87: =J87+89 -> 19178.463
A88: =A87+1 -> 61 | B88: TSH WEGDE 563 | C88: 2 | D88: Bow Spring | E88: ='DECK TALLY'!B66 -> G7 | F88: ='DECK TALLY'!C66 -> 36.97 | G88: =F88-($E$12/12) -> 36.6325 | H88: IN | I88: =IF(H88="IN",I87+G88,I87) -> 2328.17 | J88: =IF(I88="","",$M$9-I88) -> 19052.83 | K88: =$H$8+(I88*$E$9*$E$15/1000) -> 150.34428 | L88: 19142 | O88: =L88-18.92 -> 19123.08 | P88: =O88-J88 -> 70.25 | Q88: 19142 | R88: =J88+89 -> 19141.83
A89: =A88+1 -> 62 | B89: TSH WEGDE 563 | C89: 1 | D89: Bow Spring | E89: ='DECK TALLY'!B67 -> G8 | F89: ='DECK TALLY'!C67 -> 36.31 | G89: =F89-($E$12/12) -> 35.9725 | H89: IN | I89: =IF(H89="IN",I88+G89,I88) -> 2364.1425 | J89: =IF(I89="","",$M$9-I89) -> 19016.857 | K89: =$H$8+(I89*$E$9*$E$15/1000) -> 151.19941 | L89: 19106 | O89: =L89-18.92 -> 19087.08 | R89: =J89+89 -> 19105.857
A90: =A89+1 -> 63 | B90: TSH WEGDE 563 | C90: 2 | D90: Bow Spring | E90: ='DECK TALLY'!B68 -> G9 | F90: ='DECK TALLY'!C68 -> 36.94 | G90: =F90-($E$12/12) -> 36.6025 | H90: IN | I90: =IF(H90="IN",I89+G90,I89) -> 2400.745 | J90: =IF(I90="","",$M$9-I90) -> 18980.255 | K90: =$H$8+(I90*$E$9*$E$15/1000) -> 152.06951 | L90: 19070 | O90: =L90-18.92 -> 19051.08 | Q90: 19069 | R90: =J90+89 -> 19069.255
A91: PJ | B91: TSH W563 PUP JNT | C91: 1 | D91: Bow Spring | E91: Pup VP-4 | F91: 10.25 | G91: =F91-($E$12/12) -> 9.9125 | H91: IN | I91: =IF(H91="IN",I90+G91,I90) -> 2410.6575 | J91: =IF(I91="","",$M$9-I91) -> 18970.342 | K91: =$H$8+(I91*$E$9*$E$15/1000) -> 152.30514 | L91: 19060 | O91: =L91-18.92 -> 19041.08 | P91: =O91-J91 -> 70.7375 | Q91: 19059 | R91: =J91+89 -> 19059.342
A92: =A90+1 -> 64 | B92: TSH WEGDE 563 | C92: 2 | D92: Bow Spring | E92: ='DECK TALLY'!B69 -> H1 | F92: ='DECK TALLY'!C69 -> 36.68 | G92: =F92-($E$12/12) -> 36.3425 | H92: IN | I92: =IF(H92="IN",I91+G92,I91) -> 2447 | J92: =IF(I92="","",$M$9-I92) -> 18934 | K92: =$H$8+(I92*$E$9*$E$15/1000) -> 153.16906 | O92: =L92-18.92 -> -18.92 | R92: =J92+89 -> 19023
A93: =A92+1 -> 65 | B93: TSH WEGDE 563 | C93: 2 | D93: Bow Spring | E93: ='DECK TALLY'!B70 -> H2 | F93: ='DECK TALLY'!C70 -> 36.58 | G93: =F93-($E$12/12) -> 36.2425 | H93: IN | I93: =IF(H93="IN",I92+G93,I92) -> 2483.2425 | J93: =IF(I93="","",$M$9-I93) -> 18897.757 | K93: =$H$8+(I93*$E$9*$E$15/1000) -> 154.0306 | O93: =L93-18.92 -> -18.92 | R93: =J93+89 -> 18986.757
A94: =A93+1 -> 66 | B94: TSH WEGDE 563 | C94: 2 | D94: Bow Spring | E94: ='DECK TALLY'!B71 -> H3 | F94: ='DECK TALLY'!C71 -> 36.36 | G94: =F94-($E$12/12) -> 36.0225 | H94: IN | I94: =IF(H94="IN",I93+G94,I93) -> 2519.265 | J94: =IF(I94="","",$M$9-I94) -> 18861.735 | K94: =$H$8+(I94*$E$9*$E$15/1000) -> 154.88691 | O94: =L94-18.92 -> -18.92 | R94: =J94+89 -> 18950.735
A95: =A94+1 -> 67 | B95: TSH WEGDE 563 | C95: 2 | D95: Bow Spring | E95: ='DECK TALLY'!B72 -> H4 | F95: ='DECK TALLY'!C72 -> 37.08 | G95: =F95-($E$12/12) -> 36.7425 | H95: IN | I95: =IF(H95="IN",I94+G95,I94) -> 2556.0075 | J95: =IF(I95="","",$M$9-I95) -> 18824.993 | K95: =$H$8+(I95*$E$9*$E$15/1000) -> 155.76034 | L95: 18914 | O95: =L95-18.92 -> 18895.08 | R95: =J95+89 -> 18913.993 | S95: 89
A96: =A95+1 -> 68 | B96: TSH WEGDE 563 | C96: 2 | D96: Bow Spring | E96: ='DECK TALLY'!B73 -> H5 | F96: ='DECK TALLY'!C73 -> 34.61 | G96: =F96-($E$12/12) -> 34.2725 | H96: IN | I96: =IF(H96="IN",I95+G96,I95) -> 2590.28 | J96: =IF(I96="","",$M$9-I96) -> 18790.72 | K96: =$H$8+(I96*$E$9*$E$15/1000) -> 156.57505 | O96: =L96-18.92 -> -18.92 | R96: =J96+88 -> 18878.72
A97: =A96+1 -> 69 | B97: TSH WEGDE 563 | C97: 2 | D97: Bow Spring | E97: ='DECK TALLY'!B74 -> H6 | F97: ='DECK TALLY'!C74 -> 35.04 | G97: =F97-($E$12/12) -> 34.7025 | H97: IN | I97: =IF(H97="IN",I96+G97,I96) -> 2624.9825 | J97: =IF(I97="","",$M$9-I97) -> 18756.018 | K97: =$H$8+(I97*$E$9*$E$15/1000) -> 157.39999 | O97: =L97-18.92 -> -18.92 | R97: =J97+88 -> 18844.018
A98: =A97+1 -> 70 | B98: TSH WEGDE 563 | C98: 2 | D98: Bow Spring | E98: ='DECK TALLY'!B75 -> H7 | F98: ='DECK TALLY'!C75 -> 36.83 | G98: =F98-($E$12/12) -> 36.4925 | H98: IN | I98: =IF(H98="IN",I97+G98,I97) -> 2661.475 | J98: =IF(I98="","",$M$9-I98) -> 18719.525 | K98: =$H$8+(I98*$E$9*$E$15/1000) -> 158.26747 | L98: 18808 | O98: =L98-18.92 -> 18789.08 | R98: =J98+88 -> 18807.525 | S98: 88
A99: =A98+1 -> 71 | B99: TSH WEGDE 563 | C99: 2 | D99: Bow Spring | E99: ='DECK TALLY'!B76 -> H8 | F99: ='DECK TALLY'!C76 -> 36.74 | G99: =F99-($E$12/12) -> 36.4025 | H99: IN | I99: =IF(H99="IN",I98+G99,I98) -> 2697.8775 | J99: =IF(I99="","",$M$9-I99) -> 18683.123 | K99: =$H$8+(I99*$E$9*$E$15/1000) -> 159.13281 | O99: =L99-18.92 -> -18.92 | R99: =J99+86 -> 18769.123
A100: =A99+1 -> 72 | B100: TSH WEGDE 563 | C100: 2 | D100: Bow Spring | E100: ='DECK TALLY'!B77 -> H9 | F100: ='DECK TALLY'!C77 -> 35.46 | G100: =F100-($E$12/12) -> 35.1225 | H100: IN | I100: =IF(H100="IN",I99+G100,I99) -> 2733 | J100: =IF(I100="","",$M$9-I100) -> 18648 | K100: =$H$8+(I100*$E$9*$E$15/1000) -> 159.96773 | O100: =L100-18.92 -> -18.92 | R100: =J100+86 -> 18734
A101: =A100+1 -> 73 | B101: TSH WEGDE 563 | C101: 2 | D101: Bow Spring | E101: ='DECK TALLY'!B78 -> I1 | F101: ='DECK TALLY'!C78 -> 36.76 | G101: =F101-($E$12/12) -> 36.4225 | H101: IN | I101: =IF(H101="IN",I100+G101,I100) -> 2769.4225 | J101: =IF(I101="","",$M$9-I101) -> 18611.577 | K101: =$H$8+(I101*$E$9*$E$15/1000) -> 160.83355 | O101: =L101-18.92 -> -18.92 | R101: =J101+86 -> 18697.577
A102: =A101+1 -> 74 | B102: TSH WEGDE 563 | C102: 2 | D102: Bow Spring | E102: ='DECK TALLY'!B79 -> I2 | F102: ='DECK TALLY'!C79 -> 37.06 | G102: =F102-($E$12/12) -> 36.7225 | H102: IN | I102: =IF(H102="IN",I101+G102,I101) -> 2806.145 | J102: =IF(I102="","",$M$9-I102) -> 18574.855 | K102: =$H$8+(I102*$E$9*$E$15/1000) -> 161.7065 | O102: =L102-18.92 -> -18.92 | R102: =J102+86 -> 18660.855
A103: =A102+1 -> 75 | B103: TSH WEGDE 563 | C103: 2 | D103: Bow Spring | E103: ='DECK TALLY'!B80 -> I3 | F103: ='DECK TALLY'!C80 -> 36.69 | G103: =F103-($E$12/12) -> 36.3525 | H103: IN | I103: =IF(H103="IN",I102+G103,I102) -> 2842.4975 | J103: =IF(I103="","",$M$9-I103) -> 18538.503 | K103: =$H$8+(I103*$E$9*$E$15/1000) -> 162.57066 | L103: 18625 | O103: =L103-18.92 -> 18606.08 | R103: =J103+86 -> 18624.503
A104: =A103+1 -> 76 | B104: TSH WEGDE 563 | C104: 2 | D104: Bow Spring | E104: ='DECK TALLY'!B81 -> I4 | F104: ='DECK TALLY'!C81 -> 37.29 | G104: =F104-($E$12/12) -> 36.9525 | H104: IN | I104: =IF(H104="IN",I103+G104,I103) -> 2879.45 | J104: =IF(I104="","",$M$9-I104) -> 18501.55 | K104: =$H$8+(I104*$E$9*$E$15/1000) -> 163.44908 | O104: =L104-18.92 -> -18.92 | R104: =J104+86 -> 18587.55
A105: =A104+1 -> 77 | B105: TSH WEGDE 563 | C105: 2 | D105: Bow Spring | E105: ='DECK TALLY'!B82 -> I5 | F105: ='DECK TALLY'!C82 -> 37.21 | G105: =F105-($E$12/12) -> 36.8725 | H105: IN | I105: =IF(H105="IN",I104+G105,I104) -> 2916.3225 | J105: =IF(I105="","",$M$9-I105) -> 18464.678 | K105: =$H$8+(I105*$E$9*$E$15/1000) -> 164.3256 | O105: =L105-18.92 -> -18.92 | R105: =J105+86 -> 18550.678
A106: =A105+1 -> 78 | B106: TSH WEGDE 563 | C106: 2 | D106: Bow Spring | E106: ='DECK TALLY'!B83 -> I6 | F106: ='DECK TALLY'!C83 -> 37.62 | G106: =F106-($E$12/12) -> 37.2825 | H106: IN | I106: =IF(H106="IN",I105+G106,I105) -> 2953.605 | J106: =IF(I106="","",$M$9-I106) -> 18427.395 | K106: =$H$8+(I106*$E$9*$E$15/1000) -> 165.21186 | O106: =L106-18.92 -> -18.92 | R106: =J106+86 -> 18513.395
...

Sheet DECK TALLY
B2: DECK TALLY NFQ17-8
B4: 7" 29# TSH WEDGE 563 CSG JOINTS ( 2 x Centralizers) | F4: 7" 29# TSH WEDGE 563 CSG JOINTS ( 2 x Centralizers) | J4: 7" 29# TSH WEDGE 563 PUP JOINTS | N4: Primary Shoe Track Assemblies | P4: On Cantilever deck
B5: Joint Num. | C5: Length (ft) | D5: Note | F5: Joint Num. | G5: Length (ft) | H5: Note | J5: Joint Number | K5: Length (ft) | L5: Note | N5: Items | O5: Length (ft)
A6: 1 | B6: A1 | C6: 36.57 | E6: 1 | I6: 1 | J6: Pup VP-1 | K6: 8.22 | N6: Float Shoe, DV Eccentric | O6: 3.39 | P6: QELNG-7in-FS-136-NFE
A7: =A6+1 -> 2 | B7: A2 | C7: 37.23 | E7: =E6+1 -> 2 | I7: =I6+1 -> 2 | J7: Pup VP-2 | K7: 8.22 | N7: Shoe Joint | O7: 36.86
A8: =A7+1 -> 3 | B8: A3 | C8: 37 | E8: =E7+1 -> 3 | I8: =I7+1 -> 3 | J8: Pup VP-3 | K8: 6.11
A9: =A8+1 -> 4 | B9: A4 | C9: 36.16 | E9: =E8+1 -> 4 | I9: =I8+1 -> 4 | J9: Pup VP-4 | K9: 10.25 | N9: Bttm FC Pup Joint | O9: 18.51 | P9: QELNG-7in-FC-136-NFE
A10: =A9+1 -> 5 | B10: A5 | C10: 36.91 | E10: =E9+1 -> 5 | I10: =I9+1 -> 5 | J10: Pup VP-5 | K10: 6.11 | N10: Float Collar - DV | O10: 2.91
A11: =A10+1 -> 6 | B11: A6 | C11: 35.36 | E11: =E10+1 -> 6 | I11: =I10+1 -> 6 | J11: Pup VP-6 | K11: 4.39 | N11: Top FC Pup Joint | O11: 17.53
A12: =A11+1 -> 7 | B12: A7 | C12: 36.41 | E12: =E11+1 -> 7 | I12: =I11+1 -> 7 | J12: Pup VP-7 | K12: 4.11
A13: =A12+1 -> 8 | B13: A8 | C13: 36.6 | E13: =E12+1 -> 8 | I13: =I12+1 -> 8 | J13: Pup VP-8 | K13: 18.25 | N13: Bttm Pup Joint | O13: 18.18 | P13: QELNG-7in-LC-156-NFE
A14: =A13+1 -> 9 | B14: A9 | C14: 36.48 | E14: =E13+1 -> 9 | I14: =I13+1 -> 9 | J14: Pup VP-9 | K14: 10.25 | N14: LFC Landing Collar | O14: 5.16
A15: =A14+1 -> 10 | B15: B1 | C15: 36.37 | E15: =E14+1 -> 10 | I15: =I14+1 -> 10 | J15: Pup VP-10 | K15: 18.46 | N15: Top Pup Joint | O15: 18.59
A16: =A15+1 -> 11 | B16: B2 | C16: 36.15 | E16: =E15+1 -> 11 | I16: =I15+1 -> 11 | J16: Pup VP-11 | K16: 6.26
A17: =A16+1 -> 12 | B17: B3 | C17: 34.87 | E17: =E16+1 -> 12 | I17: =I16+1 -> 12 | J17: Pup VP-12 | K17: 6.24
A18: =A17+1 -> 13 | B18: B4 | C18: 36.68 | E18: =E17+1 -> 13 | I18: =I17+1 -> 13 | J18: Pup VP-13 | K18: 10.23 | N18: Back up Shoe Track Assemblies | P18: On Cantilever deck
A19: =A18+1 -> 14 | B19: B5 | C19: 36.66 | E19: =E18+1 -> 14 | I19: =I18+1 -> 14 | J19: Pup VP-14 | K19: 10.26 | N19: Items | O19: Length (ft)
A20: =A19+1 -> 15 | B20: B6 | C20: 36.05 | E20: =E19+1 -> 15 | N20: Float Shoe, DV Eccentric | O20: 3.42 | P20: QELNG-7in-FS-150-NFE
A21: =A20+1 -> 16 | B21: B7 | C21: 36.61 | E21: =E20+1 -> 16 | N21: Shoe Joint | O21: 36.38
A22: =A21+1 -> 17 | B22: B8 | C22: 36.42 | E22: =E21+1 -> 17
A23: =A22+1 -> 18 | B23: B9 | C23: 36.67 | E23: =E22+1 -> 18 | N23: Bttm FC Pup Joint | O23: 18.19 | P23: QELNG-7in-FC-150-NFE
A24: =A23+1 -> 19 | B24: C1 | C24: 35.13 | E24: =E23+1 -> 19 | N24: Float Collar - DV | O24: 2.92
A25: =A24+1 -> 20 | B25: C2 | C25: 35.21 | E25: =E24+1 -> 20 | N25: Top FC Pup Joint | O25: 18
A26: =A25+1 -> 21 | B26: C3 | C26: 35.16 | E26: =E25+1 -> 21
A27: =A26+1 -> 22 | B27: C4 | C27: 35.17 | E27: =E26+1 -> 22 | N27: Bttm Pup Joint | O27: 18.42 | P27: QELNG-7in-LC-159-NFE
A28: =A27+1 -> 23 | B28: C5 | C28: 35.61 | E28: =E27+1 -> 23 | N28: LFC Landing Collar | O28: 5.16
A29: =A28+1 -> 24 | B29: C6 | C29: 35.46 | E29: =E28+1 -> 24 | N29: Top Pup Joint | O29: 17.95
A30: =A29+1 -> 25 | B30: C7 | C30: 34.48 | E30: =E29+1 -> 25
A31: =A30+1 -> 26 | B31: C8 | C31: 34.44 | E31: =E30+1 -> 26
A32: =A31+1 -> 27 | B32: C9 | C32: 35.63 | E32: =E31+1 -> 27
A33: =A32+1 -> 28 | B33: D1 | C33: 36.48 | E33: =E32+1 -> 28
A34: =A33+1 -> 29 | B34: D2 | C34: 35.74 | E34: =E33+1 -> 29
A35: =A34+1 -> 30 | B35: D3 | C35: 35.92 | E35: =E34+1 -> 30
A36: =A35+1 -> 31 | B36: D4 | C36: 35.65 | E36: =E35+1 -> 31
A37: =A36+1 -> 32 | B37: D5 | C37: 36.15 | E37: =E36+1 -> 32
A38: =A37+1 -> 33 | B38: D6 | C38: 35.88 | E38: =E37+1 -> 33
A39: =A38+1 -> 34 | B39: D7 | C39: 36.49 | E39: =E38+1 -> 34
A40: =A39+1 -> 35 | B40: D8 | C40: 36.39 | E40: =E39+1 -> 35
A41: =A40+1 -> 36 | B41: D9 | C41: 36.03 | E41: =E40+1 -> 36
... A86: =A85+1 -> 81 | B86: I9 | C86: 36.52 | E86: =E85+1 -> 81
A87: =A86+1 -> 82 | B87: J1 | C87: 36.25
A88: =A87+1 -> 83 | B88: J2 | C88: 36.03
A89: =A88+1 -> 84 | B89: J3 | C89: 34.58
A90: =A89+1 -> 85 | B90: J4 | C90: 36.35
A91: =A90+1 -> 86 | B91: J5 | C91: 36.24
A92: =A91+1 -> 87 | B92: J6 | C92: 36.36
A93: =A92+1 -> 88 | B93: J7 | C93: 36.87
A94: =A93+1 -> 89 | B94: J8 | C94: 34.78
A95: =A94+1 -> 90 | B95: J9 | C95: 36.13
A96: =A95+1 -> 91 | B96: K1 | C96: 36.64
A97: =A96+1 -> 92 | B97: K2 | C97: 36.21
A98: =A97+1 -> 93 | B98: K3 | C98: 36.5
... A234: =A233+1 -> 229 | B234: Z4 | C234: 36.39
A235: =A234+1 -> 230 | B235: Z5 | C235: 36.54 | G235: =A293 -> 288
A236: =A235+1 -> 231 | B236: Z6 | C236: 36.36 | G236: 250
A237: =A236+1 -> 232 | B237: Z7 | C237: 35.42 | G237: =G235-G236 -> 38
A238: =A237+1 -> 233 | B238: Z8 | C238: 36.6
A239: =A238+1 -> 234 | B239: Z9 | C239: 36.91
A240: =A239+1 -> 235 | B240: AA1 | C240: 36.49
A241: =A240+1 -> 236 | B241: AA2 | C241: 36.22
A242: =A241+1 -> 237 | B242: AA3 | C242: 36.71
A243: =A242+1 -> 238 | B243: AA4 | C243: 35.37
A244: =A243+1 -> 239 | B244: AA5 | C244: 36.27
A245: =A244+1 -> 240 | B245: AA6 | C245: 35.95
A246: =A245+1 -> 241 | B246: AA7 | C246: 36.97
A247: =A246+1 -> 242 | B247: AA8 | C247: 34.94
A248: =A247+1 -> 243 | B248: AA9 | C248: 36.61
A249: =A248+1 -> 244 | B249: BB1 | C249: 36.83
... A293: =A292+1 -> 288 | B293: FF9 | C293: 36.82
A294: =A293+1 -> 289
A295: =A294+1 -> 290
A296: =A295+1 -> 291
A297: =A296+1 -> 292
A298: =A297+1 -> 293
A299: =A298+1 -> 294
A300: =A299+1 -> 295
A301: =A300+1 -> 296
A302: =A301+1 -> 297
