Workbook
Name EKIKO2: 'Liner Tally NFQ20-6'!$E$5
Name EKIKO2: #REF!

Sheet xxxxxx

Sheet Liner Tally NFQ20-6
H2: Baker Hughes | K2: Final As Run
H3: 7" LINER TALLY
C5: Tension: | D5: 929 | F5: Well: | G5: NFQ20-6 | J5: Date: | K5: 44263
C6: Burst: | D6: 11220 | F6: Rig: | G6: Shelf Drilling Odyssey | J6: QE LNG Representative: | K6: Cody/Ivan/ Ahmad
C7: Collapse: | D7: 8530 | F7: Liner Run # : | G7: 1 | J7: Baker Representative: | K7: Nurlan/JonCruz
C8: Casing Size: | D8: 7 | F8: Block Weight: | G8: 120 | J8: 7" Shoe Depth: | K8: =K9-K10 -> 21877
C9: Weight: | D9: 29 | F9: Mud Weight: | G9: 10.6 | J9: Total Depth: | K9: 21892
C10: Grade: | D10: SM2535-110 | F10: Bouyancy Factor: | G10: =(65.45-G9)/65.45 -> 0.83804431 | J10: Rat Hole: | K10: 15
C11: VAM21 M/Up Loss: | E11: 0.4055 | F11: Casing ID: | G11: 6.252 | J11: 7" Liner Top: | K11: =I307 -> 12041.133
C12: TSH M/Up Loss: | D12: 4.05 | E12: 0.3375 | F12: Connection 1: | G12: TSH Wedge 563 DPLS | J12: 9-5/8" Shoe: | K12: 12370.48
C13: Drift: | D13: 6.059 | F13: Connection 2: | J13: 9-5/8" x 10-3/4" Crossover: | K13: 1385.06
C14: Centralizers: | D14: =SUM(B17:B277) -> 504 | F14: Centralizer Type: | G14: Bow Spring
A15: JOINTS | B15: CENTRALIZERS/DESC | D15: JOINT | E15: JOINT | F15: EFFECTIVE | G15: JOINT | H15: TOTAL | I15: DEPTH OF | J15: EST STRG | K15: COMMENTS
A16: RUN | B16: NO | C16: TYPE | D16: NUMBER | E16: LENGTH | F16: LENGTH | G16: IN/OUT | H16: LENGTH | I16: TOP OF JT | J16: WEIGHT
A17: QELNG-7IN-FS-169-NFE | B17: - | C17: Float Shoe - DV | E17: 3.37 | F17: =E17 -> 3.37 | G17: =IF(E17="","OUT","IN") -> IN | H17: =F17 -> 3.37 | I17: =K8-F17 -> 21873.63 | J17: =$G$8+(H17*$D$9*$G$10/1000) -> 120.0819 | K17: DV Float Shoe: SN: 112206-112230-3 PN: H100950451GRG1
B18: 2 | C18: Shoe Joint | E18: 36.24 | F18: =E18 -> 36.24 | G18: =IF(E18="","OUT","IN") -> IN | H18: =IF(G18="IN",H17+F18,H17) -> 39.61 | I18: =IF(H18="","",$K$8-H18) -> 21837.39 | J18: =$G$8+(H18*$D$9*$G$10/1000) -> 120.96265
A19: QELNG-7IN-FC-159-NFE | B19: 1 | C19: FC Pup Joint | E19: 18.36 | F19: =E19-($D$12/12) -> 18.0225 | G19: =IF(E19="","OUT","IN") -> IN | H19: =IF(G19="IN",H18+F19,H18) -> 57.6325 | I19: =IF(H19="","",$K$8-H19) -> 21819.368 | J19: =$G$8+(H19*$D$9*$G$10/1000) -> 121.40066 | K19: DV Float Collar: PN: H101890295GRG1 SN: 110696-110679-3
B20: - | C20: Float Collar - DV | E20: 2.91 | F20: =E20 -> 2.91 | G20: =IF(E20="","OUT","IN") -> IN | H20: =IF(G20="IN",H19+F20,H19) -> 60.5425 | I20: =IF(H20="","",$K$8-H20) -> 21816.458 | J20: =$G$8+(H20*$D$9*$G$10/1000) -> 121.47138
B21: 1 | C21: FC Pup Joint | E21: 18.29 | F21: =E21 -> 18.29 | G21: =IF(E21="","OUT","IN") -> IN | H21: =IF(G21="IN",H20+F21,H20) -> 78.8325 | I21: =IF(H21="","",$K$8-H21) -> 21798.167 | J21: =$G$8+(H21*$D$9*$G$10/1000) -> 121.91589
A22: QG-7IN-LC-5KLC-02 | B22: 1 | C22: Pup Joint | E22: 18.01 | F22: =E22-($D$12/12) -> 17.6725 | G22: =IF(E22="","OUT","IN") -> IN | H22: =IF(G22="IN",H21+F22,H21) -> 96.505 | I22: =IF(H22="","",$K$8-H22) -> 21780.495 | J22: =$G$8+(H22*$D$9*$G$10/1000) -> 122.34539 | K22: LFC Landing Collar: PN: H274120438GRG1 SN:108285477-02
B23: - | C23: LFC Landing Collar | E23: 4.47 | F23: =E23 -> 4.47 | G23: =IF(E23="","OUT","IN") -> IN | H23: =IF(G23="IN",H22+F23,H22) -> 100.975 | I23: =IF(H23="","",$K$8-H23) -> 21776.025 | J23: =$G$8+(H23*$D$9*$G$10/1000) -> 122.45402
B24: 1 | C24: Pup Joint | E24: 17.63 | F24: =E24 -> 17.63 | G24: IN | H24: =IF(G24="IN",H23+F24,H23) -> 118.605 | I24: =IF(H24="","",$K$8-H24) -> 21758.395 | J24: =$G$8+(H24*$D$9*$G$10/1000) -> 122.88249
A25: 1 | B25: 2 | C25: WEDGE 563 DPLS | D25: 269 | E25: =VLOOKUP(D25,'Deck Tally'!$B$5:$C$288,2,0) -> 36.67 | F25: =E25-($D$12/12) -> 36.3325 | G25: IN | H25: =IF(G25="IN",H24+F25,H24) -> 154.9375 | I25: =IF(H25="","",$K$8-H25) -> 21722.062 | J25: =$G$8+(H25*$D$9*$G$10/1000) -> 123.76549 | K25: **BakerLok first 3ea connections
A26: 2 | B26: 2 | C26: WEDGE 563 DPLS | D26: 268 | E26: =VLOOKUP(D26,'Deck Tally'!$B$5:$C$288,2,0) -> 36.28 | F26: =E26-($D$12/12) -> 35.9425 | G26: IN | H26: =IF(G26="IN",H25+F26,H25) -> 190.88 | I26: =IF(H26="","",$K$8-H26) -> 21686.12 | J26: =$G$8+(H26*$D$9*$G$10/1000) -> 124.63901
A27: 3 | B27: 2 | C27: WEDGE 563 DPLS | D27: 267 | E27: =VLOOKUP(D27,'Deck Tally'!$B$5:$C$288,2,0) -> 37.05 | F27: =E27-($D$12/12) -> 36.7125 | G27: IN | H27: =IF(G27="IN",H26+F27,H26) -> 227.5925 | I27: =IF(H27="","",$K$8-H27) -> 21649.408 | J27: =$G$8+(H27*$D$9*$G$10/1000) -> 125.53125
B28: 1 | C28: 20 ft PUP | D28: H | E28: 20.27 | F28: =E28-($D$12/12) -> 19.9325 | G28: IN | H28: =IF(G28="IN",H27+F28,H27) -> 247.525 | I28: =IF(H28="","",$K$8-H28) -> 21629.475 | J28: =$G$8+(H28*$D$9*$G$10/1000) -> 126.01567 | K28: Planned PIP @21637ft
A29: 4 | B29: 2 | C29: WEDGE 563 DPLS | D29: 266 | E29: =VLOOKUP(D29,'Deck Tally'!$B$5:$C$288,2,0) -> 34.91 | F29: =E29-($D$12/12) -> 34.5725 | G29: IN | H29: =IF(G29="IN",H28+F29,H28) -> 282.0975 | I29: =IF(H29="","",$K$8-H29) -> 21594.903 | J29: =$G$8+(H29*$D$9*$G$10/1000) -> 126.8559 | K29: INSTALL PIP TAG #1ON JT #266 | N29: =21637-L30 -> 11.525 | O29: ft. Difference
B30: 1 | C30: WEDGE 563 DPLS | D30: S18 | E30: 36.4 | F30: =E30-($D$12/12) -> 36.0625 | G30: IN | H30: =IF(G30="IN",H29+F30,H29) -> 318.16 | I30: =IF(H30="","",$K$8-H30) -> 21558.84 | J30: =$G$8+(H30*$D$9*$G$10/1000) -> 127.73233 | K30: 4 FT above pin | L30: =I28-4 -> 21625.475
A31: 5 | B31: 2 | C31: WEDGE 563 DPLS | D31: 265 | E31: =VLOOKUP(D31,'Deck Tally'!$B$5:$C$288,2,0) -> 36.8 | F31: =E31-($D$12/12) -> 36.4625 | G31: IN | H31: =IF(G31="IN",H30+F31,H30) -> 354.6225 | I31: =IF(H31="","",$K$8-H31) -> 21522.377 | J31: =$G$8+(H31*$D$9*$G$10/1000) -> 128.61849
A32: 6 | B32: 2 | C32: WEDGE 563 DPLS | D32: 264 | E32: =VLOOKUP(D32,'Deck Tally'!$B$5:$C$288,2,0) -> 36.62 | F32: =E32-($D$12/12) -> 36.2825 | G32: IN | H32: =IF(G32="IN",H31+F32,H31) -> 390.905 | I32: =IF(H32="","",$K$8-H32) -> 21486.095 | J32: =$G$8+(H32*$D$9*$G$10/1000) -> 129.50028
A33: 7 | B33: 2 | C33: WEDGE 563 DPLS | D33: 263 | E33: =VLOOKUP(D33,'Deck Tally'!$B$5:$C$288,2,0) -> 36.52 | F33: =E33-($D$12/12) -> 36.1825 | G33: IN | H33: =IF(G33="IN",H32+F33,H32) -> 427.0875 | I33: =IF(H33="","",$K$8-H33) -> 21449.912 | J33: =$G$8+(H33*$D$9*$G$10/1000) -> 130.37963
A34: 8 | B34: 2 | C34: WEDGE 563 DPLS | D34: 262 | E34: =VLOOKUP(D34,'Deck Tally'!$B$5:$C$288,2,0) -> 36.02 | F34: =E34-($D$12/12) -> 35.6825 | G34: IN | H34: =IF(G34="IN",H33+F34,H33) -> 462.77 | I34: =IF(H34="","",$K$8-H34) -> 21414.23 | J34: =$G$8+(H34*$D$9*$G$10/1000) -> 131.24683
A35: 9 | B35: 2 | C35: WEDGE 563 DPLS | D35: 261 | E35: =VLOOKUP(D35,'Deck Tally'!$B$5:$C$288,2,0) -> 36.39 | F35: =E35-($D$12/12) -> 36.0525 | G35: IN | H35: =IF(G35="IN",H34+F35,H34) -> 498.8225 | I35: =IF(H35="","",$K$8-H35) -> 21378.178 | J35: =$G$8+(H35*$D$9*$G$10/1000) -> 132.12303
A36: 10 | B36: 2 | C36: WEDGE 563 DPLS | D36: 260 | E36: =VLOOKUP(D36,'Deck Tally'!$B$5:$C$288,2,0) -> 37.15 | F36: =E36-($D$12/12) -> 36.8125 | G36: IN | H36: =IF(G36="IN",H35+F36,H35) -> 535.635 | I36: =IF(H36="","",$K$8-H36) -> 21341.365 | J36: =$G$8+(H36*$D$9*$G$10/1000) -> 133.01769
A37: 11 | B37: 2 | C37: WEDGE 563 DPLS | D37: 259 | E37: =VLOOKUP(D37,'Deck Tally'!$B$5:$C$288,2,0) -> 36.37 | F37: =E37-($D$12/12) -> 36.0325 | G37: IN | H37: =IF(G37="IN",H36+F37,H36) -> 571.6675 | I37: =IF(H37="","",$K$8-H37) -> 21305.333 | J37: =$G$8+(H37*$D$9*$G$10/1000) -> 133.8934
A38: 12 | B38: 2 | C38: WEDGE 563 DPLS | D38: 258 | E38: =VLOOKUP(D38,'Deck Tally'!$B$5:$C$288,2,0) -> 34.69 | F38: =E38-($D$12/12) -> 34.3525 | G38: IN | H38: =IF(G38="IN",H37+F38,H37) -> 606.02 | I38: =IF(H38="","",$K$8-H38) -> 21270.98 | J38: =$G$8+(H38*$D$9*$G$10/1000) -> 134.72828
A39: 13 | B39: 2 | C39: WEDGE 563 DPLS | D39: 257 | E39: =VLOOKUP(D39,'Deck Tally'!$B$5:$C$288,2,0) -> 37.05 | F39: =E39-($D$12/12) -> 36.7125 | G39: IN | H39: =IF(G39="IN",H38+F39,H38) -> 642.7325 | I39: =IF(H39="","",$K$8-H39) -> 21234.268 | J39: =$G$8+(H39*$D$9*$G$10/1000) -> 135.62051
A40: 14 | B40: 2 | C40: WEDGE 563 DPLS | D40: 256 | E40: =VLOOKUP(D40,'Deck Tally'!$B$5:$C$288,2,0) -> 37.51 | F40: =E40-($D$12/12) -> 37.1725 | G40: IN | H40: =IF(G40="IN",H39+F40,H39) -> 679.905 | I40: =IF(H40="","",$K$8-H40) -> 21197.095 | J40: =$G$8+(H40*$D$9*$G$10/1000) -> 136.52392
A41: 15 | B41: 2 | C41: WEDGE 563 DPLS | D41: 255 | E41: =VLOOKUP(D41,'Deck Tally'!$B$5:$C$288,2,0) -> 36.75 | F41: =E41-($D$12/12) -> 36.4125 | G41: IN | H41: =IF(G41="IN",H40+F41,H40) -> 716.3175 | I41: =IF(H41="","",$K$8-H41) -> 21160.682 | J41: =$G$8+(H41*$D$9*$G$10/1000) -> 137.40887
A42: 16 | B42: 2 | C42: WEDGE 563 DPLS | D42: 254 | E42: =VLOOKUP(D42,'Deck Tally'!$B$5:$C$288,2,0) -> 37.08 | F42: =E42-($D$12/12) -> 36.7425 | G42: IN | H42: =IF(G42="IN",H41+F42,H41) -> 753.06 | I42: =IF(H42="","",$K$8-H42) -> 21123.94 | J42: =$G$8+(H42*$D$9*$G$10/1000) -> 138.30183
... A86: 60 | B86: 2 | C86: WEDGE 563 DPLS | D86: 210 | E86: =VLOOKUP(D86,'Deck Tally'!$B$5:$C$288,2,0) -> 36.63 | F86: =E86-($D$12/12) -> 36.2925 | G86: IN | H86: =IF(G86="IN",H85+F86,H85) -> 2349.26 | I86: =IF(H86="","",$K$8-H86) -> 19527.74 | J86: =$G$8+(H86*$D$9*$G$10/1000) -> 177.09474
A87: 61 | B87: 2 | C87: WEDGE 563 DPLS | D87: 209 | E87: =VLOOKUP(D87,'Deck Tally'!$B$5:$C$288,2,0) -> 36.35 | F87: =E87-($D$12/12) -> 36.0125 | G87: IN | H87: =IF(G87="IN",H86+F87,H86) -> 2385.2725 | I87: =IF(H87="","",$K$8-H87) -> 19491.728 | J87: =$G$8+(H87*$D$9*$G$10/1000) -> 177.96996 | K87: Planned PIP @19497 ft
A88: 62 | B88: 2 | C88: WEDGE 563 DPLS | D88: 208 | E88: =VLOOKUP(D88,'Deck Tally'!$B$5:$C$288,2,0) -> 36.78 | F88: =E88-($D$12/12) -> 36.4425 | G88: IN | H88: =IF(G88="IN",H87+F88,H87) -> 2421.715 | I88: =IF(H88="","",$K$8-H88) -> 19455.285 | J88: =$G$8+(H88*$D$9*$G$10/1000) -> 178.85563 | K88: INSTALL PIP TAG #2 ON JT #208 | N88: =19497-L89 -> 9.2725 | O88: ft. Difference
A89: 63 | B89: 2 | C89: WEDGE 563 DPLS | D89: 207 | E89: =VLOOKUP(D89,'Deck Tally'!$B$5:$C$288,2,0) -> 36.64 | F89: =E89-($D$12/12) -> 36.3025 | G89: IN | H89: =IF(G89="IN",H88+F89,H88) -> 2458.0175 | I89: =IF(H89="","",$K$8-H89) -> 19418.983 | J89: =$G$8+(H89*$D$9*$G$10/1000) -> 179.7379 | K89: 4 FT above pin | L89: =I87-4 -> 19487.728
A90: 64 | B90: 2 | C90: WEDGE 563 DPLS | D90: 206 | E90: =VLOOKUP(D90,'Deck Tally'!$B$5:$C$288,2,0) -> 36.7 | F90: =E90-($D$12/12) -> 36.3625 | G90: IN | H90: =IF(G90="IN",H89+F90,H89) -> 2494.38 | I90: =IF(H90="","",$K$8-H90) -> 19382.62 | J90: =$G$8+(H90*$D$9*$G$10/1000) -> 180.62163
A91: 65 | B91: 2 | C91: WEDGE 563 DPLS | D91: 205 | E91: =VLOOKUP(D91,'Deck Tally'!$B$5:$C$288,2,0) -> 37.14 | F91: =E91-($D$12/12) -> 36.8025 | G91: IN | H91: =IF(G91="IN",H90+F91,H90) -> 2531.1825 | I91: =IF(H91="","",$K$8-H91) -> 19345.818 | J91: =$G$8+(H91*$D$9*$G$10/1000) -> 181.51605
A92: 66 | B92: 2 | C92: WEDGE 563 DPLS | D92: 204 | E92: =VLOOKUP(D92,'Deck Tally'!$B$5:$C$288,2,0) -> 37.06 | F92: =E92-($D$12/12) -> 36.7225 | G92: IN | H92: =IF(G92="IN",H91+F92,H91) -> 2567.905 | I92: =IF(H92="","",$K$8-H92) -> 19309.095 | J92: =$G$8+(H92*$D$9*$G$10/1000) -> 182.40853
A93: 67 | B93: 2 | C93: WEDGE 563 DPLS | D93: 203 | E93: =VLOOKUP(D93,'Deck Tally'!$B$5:$C$288,2,0) -> 35.99 | F93: =E93-($D$12/12) -> 35.6525 | G93: IN | H93: =IF(G93="IN",H92+F93,H92) -> 2603.5575 | I93: =IF(H93="","",$K$8-H93) -> 19273.443 | J93: =$G$8+(H93*$D$9*$G$10/1000) -> 183.275
A94: 68 | B94: 2 | C94: WEDGE 563 DPLS | D94: 202 | E94: =VLOOKUP(D94,'Deck Tally'!$B$5:$C$288,2,0) -> 37.62 | F94: =E94-($D$12/12) -> 37.2825 | G94: IN | H94: =IF(G94="IN",H93+F94,H93) -> 2640.84 | I94: =IF(H94="","",$K$8-H94) -> 19236.16 | J94: =$G$8+(H94*$D$9*$G$10/1000) -> 184.18109
A95: 69 | B95: 2 | C95: WEDGE 563 DPLS | D95: 201 | E95: =VLOOKUP(D95,'Deck Tally'!$B$5:$C$288,2,0) -> 37.2 | F95: =E95-($D$12/12) -> 36.8625 | G95: IN | H95: =IF(G95="IN",H94+F95,H94) -> 2677.7025 | I95: =IF(H95="","",$K$8-H95) -> 19199.298 | J95: =$G$8+(H95*$D$9*$G$10/1000) -> 185.07697
A96: 70 | B96: 2 | C96: WEDGE 563 DPLS | D96: 200 | E96: =VLOOKUP(D96,'Deck Tally'!$B$5:$C$288,2,0) -> 37.02 | F96: =E96-($D$12/12) -> 36.6825 | G96: IN | H96: =IF(G96="IN",H95+F96,H95) -> 2714.385 | I96: =IF(H96="","",$K$8-H96) -> 19162.615 | J96: =$G$8+(H96*$D$9*$G$10/1000) -> 185.96847
A97: 71 | B97: 2 | C97: WEDGE 563 DPLS | D97: 199 | E97: =VLOOKUP(D97,'Deck Tally'!$B$5:$C$288,2,0) -> 36.54 | F97: =E97-($D$12/12) -> 36.2025 | G97: IN | H97: =IF(G97="IN",H96+F97,H96) -> 2750.5875 | I97: =IF(H97="","",$K$8-H97) -> 19126.413 | J97: =$G$8+(H97*$D$9*$G$10/1000) -> 186.84831
A98: 72 | B98: 2 | C98: WEDGE 563 DPLS | D98: 198 | E98: =VLOOKUP(D98,'Deck Tally'!$B$5:$C$288,2,0) -> 36.31 | F98: =E98-($D$12/12) -> 35.9725 | G98: IN | H98: =IF(G98="IN",H97+F98,H97) -> 2786.56 | I98: =IF(H98="","",$K$8-H98) -> 19090.44 | J98: =$G$8+(H98*$D$9*$G$10/1000) -> 187.72256
A99: 73 | B99: 2 | C99: WEDGE 563 DPLS | D99: 197 | E99: =VLOOKUP(D99,'Deck Tally'!$B$5:$C$288,2,0) -> 36.6 | F99: =E99-($D$12/12) -> 36.2625 | G99: IN | H99: =IF(G99="IN",H98+F99,H98) -> 2822.8225 | I99: =IF(H99="","",$K$8-H99) -> 19054.178 | J99: =$G$8+(H99*$D$9*$G$10/1000) -> 188.60386
A100: 74 | B100: 2 | C100: WEDGE 563 DPLS | D100: 196 | E100: =VLOOKUP(D100,'Deck Tally'!$B$5:$C$288,2,0) -> 36.48 | F100: =E100-($D$12/12) -> 36.1425 | G100: IN | H100: =IF(G100="IN",H99+F100,H99) -> 2858.965 | I100: =IF(H100="","",$K$8-H100) -> 19018.035 | J100: =$G$8+(H100*$D$9*$G$10/1000) -> 189.48224
A101: 75 | B101: 2 | C101: WEDGE 563 DPLS | D101: 195 | E101: =VLOOKUP(D101,'Deck Tally'!$B$5:$C$288,2,0) -> 36.47 | F101: =E101-($D$12/12) -> 36.1325 | G101: IN | H101: =IF(G101="IN",H100+F101,H100) -> 2895.0975 | I101: =IF(H101="","",$K$8-H101) -> 18981.903 | J101: =$G$8+(H101*$D$9*$G$10/1000) -> 190.36038
... A142: 116 | B142: 2 | C142: WEDGE 563 DPLS | D142: 154 | E142: =VLOOKUP(D142,'Deck Tally'!$B$5:$C$288,2,0) -> 37.08 | F142: =E142-($D$12/12) -> 36.7425 | G142: IN | H142: =IF(G142="IN",H141+F142,H141) -> 4387.1 | I142: =IF(H142="","",$K$8-H142) -> 17489.9 | J142: =$G$8+(H142*$D$9*$G$10/1000) -> 226.62094
B143: 1 | C143: WEDGE 563 DPLS | D143: S17 | E143: 36.91 | F143: =E143-($D$12/12) -> 36.5725 | G143: IN | H143: =IF(G143="IN",H142+F143,H142) -> 4423.6725 | I143: =IF(H143="","",$K$8-H143) -> 17453.328 | J143: =$G$8+(H143*$D$9*$G$10/1000) -> 227.50977 | K143: Planned PIP 17457ft
A144: 117 | B144: 2 | C144: WEDGE 563 DPLS | D144: 153 | E144: =VLOOKUP(D144,'Deck Tally'!$B$5:$C$288,2,0) -> 36.78 | F144: =E144-($D$12/12) -> 36.4425 | G144: IN | H144: =IF(G144="IN",H143+F144,H143) -> 4460.115 | I144: =IF(H144="","",$K$8-H144) -> 17416.885 | J144: =$G$8+(H144*$D$9*$G$10/1000) -> 228.39545 | K144: INSTALL PIP TAG #3 ON JT #153 | N144: =17457-L145 -> 7.6725 | O144: ft. Difference
B145: 1 | C145: 10 ft PUP | D145: A | E145: 10.26 | F145: =E145-($D$12/12) -> 9.9225 | G145: IN | H145: =IF(G145="IN",H144+F145,H144) -> 4470.0375 | I145: =IF(H145="","",$K$8-H145) -> 17406.963 | J145: =$G$8+(H145*$D$9*$G$10/1000) -> 228.6366 | K145: 4 ft above pin | L145: =I143-4 -> 17449.328
A146: 118 | B146: 2 | C146: WEDGE 563 DPLS | D146: 152 | E146: =VLOOKUP(D146,'Deck Tally'!$B$5:$C$288,2,0) -> 37.57 | F146: =E146-($D$12/12) -> 37.2325 | G146: IN | H146: =IF(G146="IN",H145+F146,H145) -> 4507.27 | I146: =IF(H146="","",$K$8-H146) -> 17369.73 | J146: =$G$8+(H146*$D$9*$G$10/1000) -> 229.54147
A147: 119 | B147: 2 | C147: WEDGE 563 DPLS | D147: 151 | E147: =VLOOKUP(D147,'Deck Tally'!$B$5:$C$288,2,0) -> 36.84 | F147: =E147-($D$12/12) -> 36.5025 | G147: IN | H147: =IF(G147="IN",H146+F147,H146) -> 4543.7725 | I147: =IF(H147="","",$K$8-H147) -> 17333.228 | J147: =$G$8+(H147*$D$9*$G$10/1000) -> 230.4286
A148: 120 | B148: 2 | C148: WEDGE 563 DPLS | D148: 150 | E148: =VLOOKUP(D148,'Deck Tally'!$B$5:$C$288,2,0) -> 38.3 | F148: =E148-($D$12/12) -> 37.9625 | G148: IN | H148: =IF(G148="IN",H147+F148,H147) -> 4581.735 | I148: =IF(H148="","",$K$8-H148) -> 17295.265 | J148: =$G$8+(H148*$D$9*$G$10/1000) -> 231.35121
A149: 121 | B149: 2 | C149: WEDGE 563 DPLS | D149: 149 | E149: =VLOOKUP(D149,'Deck Tally'!$B$5:$C$288,2,0) -> 38.36 | F149: =E149-($D$12/12) -> 38.0225 | G149: IN | H149: =IF(G149="IN",H148+F149,H148) -> 4619.7575 | I149: =IF(H149="","",$K$8-H149) -> 17257.243 | J149: =$G$8+(H149*$D$9*$G$10/1000) -> 232.27528
A150: 122 | B150: 2 | C150: WEDGE 563 DPLS | D150: 148 | E150: =VLOOKUP(D150,'Deck Tally'!$B$5:$C$288,2,0) -> 36.87 | F150: =E150-($D$12/12) -> 36.5325 | G150: IN | H150: =IF(G150="IN",H149+F150,H149) -> 4656.29 | I150: =IF(H150="","",$K$8-H150) -> 17220.71 | J150: =$G$8+(H150*$D$9*$G$10/1000) -> 233.16314
A151: 123 | B151: 2 | C151: WEDGE 563 DPLS | D151: 147 | E151: =VLOOKUP(D151,'Deck Tally'!$B$5:$C$288,2,0) -> 36.69 | F151: =E151-($D$12/12) -> 36.3525 | G151: IN | H151: =IF(G151="IN",H150+F151,H150) -> 4692.6425 | I151: =IF(H151="","",$K$8-H151) -> 17184.358 | J151: =$G$8+(H151*$D$9*$G$10/1000) -> 234.04663
A152: 124 | B152: 2 | C152: WEDGE 563 DPLS | D152: 146 | E152: =VLOOKUP(D152,'Deck Tally'!$B$5:$C$288,2,0) -> 36.85 | F152: =E152-($D$12/12) -> 36.5125 | G152: IN | H152: =IF(G152="IN",H151+F152,H151) -> 4729.155 | I152: =IF(H152="","",$K$8-H152) -> 17147.845 | J152: =$G$8+(H152*$D$9*$G$10/1000) -> 234.934
A153: 125 | B153: 2 | C153: WEDGE 563 DPLS | D153: 145 | E153: =VLOOKUP(D153,'Deck Tally'!$B$5:$C$288,2,0) -> 36.07 | F153: =E153-($D$12/12) -> 35.7325 | G153: IN | H153: =IF(G153="IN",H152+F153,H152) -> 4764.8875 | I153: =IF(H153="","",$K$8-H153) -> 17112.113 | J153: =$G$8+(H153*$D$9*$G$10/1000) -> 235.80242
A154: 126 | B154: 2 | C154: WEDGE 563 DPLS | D154: 144 | E154: =VLOOKUP(D154,'Deck Tally'!$B$5:$C$288,2,0) -> 36.61 | F154: =E154-($D$12/12) -> 36.2725 | G154: IN | H154: =IF(G154="IN",H153+F154,H153) -> 4801.16 | I154: =IF(H154="","",$K$8-H154) -> 17075.84 | J154: =$G$8+(H154*$D$9*$G$10/1000) -> 236.68396
A155: 127 | B155: 2 | C155: WEDGE 563 DPLS | D155: 143 | E155: =VLOOKUP(D155,'Deck Tally'!$B$5:$C$288,2,0) -> 37.05 | F155: =E155-($D$12/12) -> 36.7125 | G155: IN | H155: =IF(G155="IN",H154+F155,H154) -> 4837.8725 | I155: =IF(H155="","",$K$8-H155) -> 17039.128 | J155: =$G$8+(H155*$D$9*$G$10/1000) -> 237.57619
A156: 128 | B156: 2 | C156: WEDGE 563 DPLS | D156: 142 | E156: =VLOOKUP(D156,'Deck Tally'!$B$5:$C$288,2,0) -> 36.85 | F156: =E156-($D$12/12) -> 36.5125 | G156: IN | H156: =IF(G156="IN",H155+F156,H155) -> 4874.385 | I156: =IF(H156="","",$K$8-H156) -> 17002.615 | J156: =$G$8+(H156*$D$9*$G$10/1000) -> 238.46357
A157: 129 | B157: 2 | C157: WEDGE 563 DPLS | D157: 141 | E157: =VLOOKUP(D157,'Deck Tally'!$B$5:$C$288,2,0) -> 37 | F157: =E157-($D$12/12) -> 36.6625 | G157: IN | H157: =IF(G157="IN",H156+F157,H156) -> 4911.0475 | I157: =IF(H157="","",$K$8-H157) -> 16965.953 | J157: =$G$8+(H157*$D$9*$G$10/1000) -> 239.35459
... A199: 171 | B199: 2 | C199: WEDGE 563 DPLS | D199: 99 | E199: =VLOOKUP(D199,'Deck Tally'!$B$5:$C$288,2,0) -> 36.57 | F199: =E199-($D$12/12) -> 36.2325 | G199: IN | H199: =IF(G199="IN",H198+F199,H198) -> 6443.4325 | I199: =IF(H199="","",$K$8-H199) -> 15433.568 | J199: =$G$8+(H199*$D$9*$G$10/1000) -> 276.59658
B200: 1 | C200: 20 ft PUP | D200: I | E200: 20.24 | F200: =E200-($D$12/12) -> 19.9025 | G200: IN | H200: =IF(G200="IN",H199+F200,H199) -> 6463.335 | I200: =IF(H200="","",$K$8-H200) -> 15413.665 | J200: =$G$8+(H200*$D$9*$G$10/1000) -> 277.08027 | K200: Planned PIP @ 15417ft
A201: 172 | B201: 2 | C201: WEDGE 563 DPLS | D201: 98 | E201: =VLOOKUP(D201,'Deck Tally'!$B$5:$C$288,2,0) -> 37.31 | F201: =E201-($D$12/12) -> 36.9725 | G201: IN | H201: =IF(G201="IN",H200+F201,H200) -> 6500.3075 | I201: =IF(H201="","",$K$8-H201) -> 15376.693 | J201: =$G$8+(H201*$D$9*$G$10/1000) -> 277.97883 | K201: INSTALL PIP TAG #4 ON JT #98 | N201: =15417-L202 -> 7.335 | O201: ft. Difference
B202: 1 | C202: WEDGE 563 DPLS | D202: S16 | E202: 37.01 | F202: =E202-($D$12/12) -> 36.6725 | G202: IN | H202: =IF(G202="IN",H201+F202,H201) -> 6536.98 | I202: =IF(H202="","",$K$8-H202) -> 15340.02 | J202: =$G$8+(H202*$D$9*$G$10/1000) -> 278.87009 | K202: 4 FT above pin | L202: =I200-4 -> 15409.665
A203: 173 | B203: 2 | C203: WEDGE 563 DPLS | D203: 97 | E203: =VLOOKUP(D203,'Deck Tally'!$B$5:$C$288,2,0) -> 37.13 | F203: =E203-($D$12/12) -> 36.7925 | G203: IN | H203: =IF(G203="IN",H202+F203,H202) -> 6573.7725 | I203: =IF(H203="","",$K$8-H203) -> 15303.228 | J203: =$G$8+(H203*$D$9*$G$10/1000) -> 279.76427
A204: 174 | B204: 2 | C204: WEDGE 563 DPLS | D204: 96 | E204: =VLOOKUP(D204,'Deck Tally'!$B$5:$C$288,2,0) -> 37.2 | F204: =E204-($D$12/12) -> 36.8625 | G204: IN | H204: =IF(G204="IN",H203+F204,H203) -> 6610.635 | I204: =IF(H204="","",$K$8-H204) -> 15266.365 | J204: =$G$8+(H204*$D$9*$G$10/1000) -> 280.66015
A205: 175 | B205: 2 | C205: WEDGE 563 DPLS | D205: 95 | E205: =VLOOKUP(D205,'Deck Tally'!$B$5:$C$288,2,0) -> 37.23 | F205: =E205-($D$12/12) -> 36.8925 | G205: IN | H205: =IF(G205="IN",H204+F205,H204) -> 6647.5275 | I205: =IF(H205="","",$K$8-H205) -> 15229.473 | J205: =$G$8+(H205*$D$9*$G$10/1000) -> 281.55676
A206: 176 | B206: 2 | C206: WEDGE 563 DPLS | D206: 94 | E206: =VLOOKUP(D206,'Deck Tally'!$B$5:$C$288,2,0) -> 35.89 | F206: =E206-($D$12/12) -> 35.5525 | G206: IN | H206: =IF(G206="IN",H205+F206,H205) -> 6683.08 | I206: =IF(H206="","",$K$8-H206) -> 15193.92 | J206: =$G$8+(H206*$D$9*$G$10/1000) -> 282.4208
A207: 177 | B207: 2 | C207: WEDGE 563 DPLS | D207: 93 | E207: =VLOOKUP(D207,'Deck Tally'!$B$5:$C$288,2,0) -> 37.02 | F207: =E207-($D$12/12) -> 36.6825 | G207: IN | H207: =IF(G207="IN",H206+F207,H206) -> 6719.7625 | I207: =IF(H207="","",$K$8-H207) -> 15157.238 | J207: =$G$8+(H207*$D$9*$G$10/1000) -> 283.3123
A208: 178 | B208: 2 | C208: WEDGE 563 DPLS | D208: 92 | E208: =VLOOKUP(D208,'Deck Tally'!$B$5:$C$288,2,0) -> 37.36 | F208: =E208-($D$12/12) -> 37.0225 | G208: IN | H208: =IF(G208="IN",H207+F208,H207) -> 6756.785 | I208: =IF(H208="","",$K$8-H208) -> 15120.215 | J208: =$G$8+(H208*$D$9*$G$10/1000) -> 284.21207
A209: 179 | B209: 2 | C209: WEDGE 563 DPLS | D209: 91 | E209: =VLOOKUP(D209,'Deck Tally'!$B$5:$C$288,2,0) -> 37.36 | F209: =E209-($D$12/12) -> 37.0225 | G209: IN | H209: =IF(G209="IN",H208+F209,H208) -> 6793.8075 | I209: =IF(H209="","",$K$8-H209) -> 15083.193 | J209: =$G$8+(H209*$D$9*$G$10/1000) -> 285.11184
A210: 180 | B210: 2 | C210: WEDGE 563 DPLS | D210: 90 | E210: =VLOOKUP(D210,'Deck Tally'!$B$5:$C$288,2,0) -> 37.3 | F210: =E210-($D$12/12) -> 36.9625 | G210: IN | H210: =IF(G210="IN",H209+F210,H209) -> 6830.77 | I210: =IF(H210="","",$K$8-H210) -> 15046.23 | J210: =$G$8+(H210*$D$9*$G$10/1000) -> 286.01015
A211: 181 | B211: 2 | C211: WEDGE 563 DPLS | D211: 89 | E211: =VLOOKUP(D211,'Deck Tally'!$B$5:$C$288,2,0) -> 37.01 | F211: =E211-($D$12/12) -> 36.6725 | G211: IN | H211: =IF(G211="IN",H210+F211,H210) -> 6867.4425 | I211: =IF(H211="","",$K$8-H211) -> 15009.558 | J211: =$G$8+(H211*$D$9*$G$10/1000) -> 286.90141
A212: 182 | B212: 2 | C212: WEDGE 563 DPLS | D212: 88 | E212: =VLOOKUP(D212,'Deck Tally'!$B$5:$C$288,2,0) -> 36.82 | F212: =E212-($D$12/12) -> 36.4825 | G212: IN | H212: =IF(G212="IN",H211+F212,H211) -> 6903.925 | I212: =IF(H212="","",$K$8-H212) -> 14973.075 | J212: =$G$8+(H212*$D$9*$G$10/1000) -> 287.78806
A213: 183 | B213: 2 | C213: WEDGE 563 DPLS | D213: 87 | E213: =VLOOKUP(D213,'Deck Tally'!$B$5:$C$288,2,0) -> 36.78 | F213: =E213-($D$12/12) -> 36.4425 | G213: IN | H213: =IF(G213="IN",H212+F213,H212) -> 6940.3675 | I213: =IF(H213="","",$K$8-H213) -> 14936.633 | J213: =$G$8+(H213*$D$9*$G$10/1000) -> 288.67373
B214: 1 | C214: WEDGE 563 DPLS | D214: S15 | E214: 37.2 | F214: =E214-($D$12/12) -> 36.8625 | G214: IN | H214: =IF(G214="IN",H213+F214,H213) -> 6977.23 | I214: =IF(H214="","",$K$8-H214) -> 14899.77 | J214: =$G$8+(H214*$D$9*$G$10/1000) -> 289.56961 | K214: Planned PIP 14914ft
A215: 184 | B215: 2 | C215: WEDGE 563 DPLS | D215: 86 | E215: =VLOOKUP(D215,'Deck Tally'!$B$5:$C$288,2,0) -> 37.19 | F215: =E215-($D$12/12) -> 36.8525 | G215: IN | H215: =IF(G215="IN",H214+F215,H214) -> 7014.0825 | I215: =IF(H215="","",$K$8-H215) -> 14862.918 | J215: =$G$8+(H215*$D$9*$G$10/1000) -> 290.46525 | K215: INSTALL PIP TAG #5 ON JT #86 | N215: =14914-L216 -> 18.23 | O215: ft. Difference
B216: 1 | C216: 10 ft PUP | D216: B | E216: 10.3 | F216: =E216-($D$12/12) -> 9.9625 | G216: IN | H216: =IF(G216="IN",H215+F216,H215) -> 7024.045 | I216: =IF(H216="","",$K$8-H216) -> 14852.955 | J216: =$G$8+(H216*$D$9*$G$10/1000) -> 290.70737 | K216: 4 ft above pin | L216: =I214-4 -> 14895.77
A217: 185 | B217: 2 | C217: WEDGE 563 DPLS | D217: 85 | E217: =VLOOKUP(D217,'Deck Tally'!$B$5:$C$288,2,0) -> 37 | F217: =E217-($D$12/12) -> 36.6625 | G217: IN | H217: =IF(G217="IN",H216+F217,H216) -> 7060.7075 | I217: =IF(H217="","",$K$8-H217) -> 14816.293 | J217: =$G$8+(H217*$D$9*$G$10/1000) -> 291.59839
A218: 186 | B218: 2 | C218: WEDGE 563 DPLS | D218: 84 | E218: =VLOOKUP(D218,'Deck Tally'!$B$5:$C$288,2,0) -> 36.36 | F218: =E218-($D$12/12) -> 36.0225 | G218: IN | H218: =IF(G218="IN",H217+F218,H217) -> 7096.73 | I218: =IF(H218="","",$K$8-H218) -> 14780.27 | J218: =$G$8+(H218*$D$9*$G$10/1000) -> 292.47385
A219: 187 | B219: 2 | C219: WEDGE 563 DPLS | D219: 83 | E219: =VLOOKUP(D219,'Deck Tally'!$B$5:$C$288,2,0) -> 36.52 | F219: =E219-($D$12/12) -> 36.1825 | G219: IN | H219: =IF(G219="IN",H218+F219,H218) -> 7132.9125 | I219: =IF(H219="","",$K$8-H219) -> 14744.088 | J219: =$G$8+(H219*$D$9*$G$10/1000) -> 293.35321
A220: 188 | B220: 2 | C220: WEDGE 563 DPLS | D220: 82 | E220: =VLOOKUP(D220,'Deck Tally'!$B$5:$C$288,2,0) -> 37.37 | F220: =E220-($D$12/12) -> 37.0325 | G220: IN | H220: =IF(G220="IN",H219+F220,H219) -> 7169.945 | I220: =IF(H220="","",$K$8-H220) -> 14707.055 | J220: =$G$8+(H220*$D$9*$G$10/1000) -> 294.25322
A221: 189 | B221: 2 | C221: WEDGE 563 DPLS | D221: 81 | E221: =VLOOKUP(D221,'Deck Tally'!$B$5:$C$288,2,0) -> 37.22 | F221: =E221-($D$12/12) -> 36.8825 | G221: IN | H221: =IF(G221="IN",H220+F221,H220) -> 7206.8275 | I221: =IF(H221="","",$K$8-H221) -> 14670.173 | J221: =$G$8+(H221*$D$9*$G$10/1000) -> 295.14958
A222: 190 | B222: 2 | C222: WEDGE 563 DPLS | D222: 80 | E222: =VLOOKUP(D222,'Deck Tally'!$B$5:$C$288,2,0) -> 37.24 | F222: =E222-($D$12/12) -> 36.9025 | G222: IN | H222: =IF(G222="IN",H221+F222,H221) -> 7243.73 | I222: =IF(H222="","",$K$8-H222) -> 14633.27 | J222: =$G$8+(H222*$D$9*$G$10/1000) -> 296.04643
A223: 191 | B223: 2 | C223: WEDGE 563 DPLS | D223: 79 | E223: =VLOOKUP(D223,'Deck Tally'!$B$5:$C$288,2,0) -> 37.38 | F223: =E223-($D$12/12) -> 37.0425 | G223: IN | H223: =IF(G223="IN",H222+F223,H222) -> 7280.7725 | I223: =IF(H223="","",$K$8-H223) -> 14596.228 | J223: =$G$8+(H223*$D$9*$G$10/1000) -> 296.94669
A224: 192 | B224: 2 | C224: WEDGE 563 DPLS | D224: 78 | E224: =VLOOKUP(D224,'Deck Tally'!$B$5:$C$288,2,0) -> 36.81 | F224: =E224-($D$12/12) -> 36.4725 | G224: IN | H224: =IF(G224="IN",H223+F224,H223) -> 7317.245 | I224: =IF(H224="","",$K$8-H224) -> 14559.755 | J224: =$G$8+(H224*$D$9*$G$10/1000) -> 297.83309
A225: 193 | B225: 2 | C225: WEDGE 563 DPLS | D225: 77 | E225: =VLOOKUP(D225,'Deck Tally'!$B$5:$C$288,2,0) -> 37.66 | F225: =E225-($D$12/12) -> 37.3225 | G225: IN | H225: =IF(G225="IN",H224+F225,H224) -> 7354.5675 | I225: =IF(H225="","",$K$8-H225) -> 14522.433 | J225: =$G$8+(H225*$D$9*$G$10/1000) -> 298.74015
A226: 194 | B226: 2 | C226: WEDGE 563 DPLS | D226: 76 | E226: =VLOOKUP(D226,'Deck Tally'!$B$5:$C$288,2,0) -> 36.43 | F226: =E226-($D$12/12) -> 36.0925 | G226: IN | H226: =IF(G226="IN",H225+F226,H225) -> 7390.66 | I226: =IF(H226="","",$K$8-H226) -> 14486.34 | J226: =$G$8+(H226*$D$9*$G$10/1000) -> 299.61732
...

Sheet Deck Tally
B2: 7" 29# TSH Wedge563 CSG JOINTS (2xCentralizers) | F2: 7" 29# TSH Wedge563 PUP JOINTS
F3: Joint Number | G3: Length (ft) | H3: Note
B4: Deck # | C4: Length (ft) | D4: Location | F4: A | G4: 10.26 | H4: Used
A5: 1 | B5: 1 | C5: 36.06 | F5: B | G5: 10.3 | H5: Used
A6: 2 | B6: 2 | C6: 36.47 | F6: C | G6: 10.53
A7: 3 | B7: 3 | C7: 36.09 | F7: D | G7: 10.26
A8: 4 | B8: 4 | C8: 35.85 | F8: E | G8: 10.25
A9: 5 | B9: 5 | C9: 36.5 | F9: F | G9: 10.54
A10: 6 | B10: 6 | C10: 36.58 | F10: G | G10: 10.26
A11: 7 | B11: 7 | C11: 36.47
A12: 8 | B12: 8 | C12: 36.51 | F12: H | G12: 20.27 | H12: Used
A13: 9 | B13: 9 | C13: 36.17 | F13: I | G13: 20.24 | H13: Used
A14: 10 | B14: 10 | C14: 36.2 | F14: J | G14: 20.26
A15: 11 | B15: 11 | C15: 37.31 | F15: K | G15: 20.25
A16: 12 | B16: 12 | C16: 36.56 | F16: L | G16: 20.2
A17: 13 | B17: 13 | C17: 36.46 | F17: M | G17: 20.25
A18: 14 | B18: 14 | C18: 36.56
A19: 15 | B19: 15 | C19: 36.62
A20: 16 | B20: 16 | C20: 36.38
A21: 17 | B21: 17 | C21: 37.02
A22: 18 | B22: 18 | C22: 36.77
A23: 19 | B23: 19 | C23: 37.29
A24: 20 | B24: 20 | C24: 36.44
A25: 21 | B25: 21 | C25: 36.61
A26: 22 | B26: 22 | C26: 36.86
A27: 23 | B27: 23 | C27: 36.2
A28: 24 | B28: 24 | C28: 36.19
A29: 25 | B29: 25 | C29: 36.54
... A273: 269 | B273: 269 | C273: 36.67
A274: 270 | B274: 270
A275: 271 | B275: 271
A276: 272 | B276: 272
A277: 273 | B277: 273
A278: 274 | B278: 274
A279: 275 | B279: 275
A280: 276 | B280: 276
A281: 277 | B281: 277
A282: 278 | B282: 278
A283: 279 | B283: 279
A284: 280 | B284: S10 | C284: 36.63
A285: 281 | B285: S11 | C285: 36.96
A286: 282 | B286: S12 | C286: 37.29
A287: 283 | B287: S13 | C287: 37.09
A288: 284 | B288: S14 | C288: 37.48
A289: 285 | B289: S15 | C289: 37.2
A290: 286 | B290: S16 | C290: 37.01
A291: 287 | B291: S17 | C291: 36.91 | D291: OLD
A292: 288 | B292: S18 | C292: 36.4 | D292: OLD
A293: 289
A294: 290
A295: 291
A296: 292
A297: 293
A298: 294
A299: 295
A300: 296
