Workbook
Name ___add1: #REF!
Name ___add2: #REF!
Name ___add3: #REF!
Name ___add4: #REF!
Name ___add5: #REF!
Name ___add6: #REF!
Name ___add7: #REF!
Name ___add8: #REF!
Name ___add9: #REF!
Name ___cem20: #REF!
Name ___cem30: #REF!
Name ___tot13: #REF!
Name ___tot30: #REF!
Name ___tot7: #REF!
Name ___tot9: #REF!
Name ___xs20: #REF!
Name __add1: #REF!
Name __add2: #REF!
Name __add3: #REF!
Name __add4: #REF!
Name __add5: #REF!
Name __add6: #REF!
Name __add7: #REF!
Name __add8: #REF!
Name __add9: #REF!
Name __cem20: #REF!
Name __cem30: #REF!
Name __NFQ6: #REF!
Name __tot13: #REF!
Name __tot30: #REF!
Name __tot7: #REF!
Name __tot9: #REF!
Name __xs20: #REF!
Name _58_D124_bwoc: NA()
Name _58_D124_bwoc_1: NA()
Name _58_XE825_bwoc: NA()
Name _58_XE825_bwoc_1: NA()
Name _add1: NA()
Name _add1_1: NA()
Name _add2: NA()
Name _add2_1: NA()
Name _add3: NA()
Name _add3_1: NA()
Name _add4: NA()
Name _add4_1: NA()
Name _add5: NA()
Name _add5_1: NA()
Name _add6: NA()
Name _add6_1: NA()
Name _add7: NA()
Name _add7_1: NA()
Name _add8: NA()
Name _add8_1: NA()
Name _add9: NA()
Name _add9_1: NA()
Name _cem20: NA()
Name _cem20_1: NA()
Name _cem30: NA()
Name _cem30_1: NA()
Name _Fill: NA()

Sheet 7" Liner Tally NFQ22-9 (2)
E2: BAKER HUGHES 7" LINER TALLY
D5: Tension: | E5: 929 Klbs | G5: Well: | H5: NFQ 22-09
D6: Burst: | E6: 11220 | G6: Rig: | H6: Lovando | K6: Date: | L6: 45754
D7: Collapse: | E7: 8530 | G7: Liner Run #: | H7: 1 | K7: Qatar Gas Reps: | L7: Travis Romanko / Remco Roomer/ Handi C
D8: Casing Size: | E8: 7 | G8: Block Weight: | H8: 85 | K8: Baker Hughes Reps: | L8: Mohammed Bounehidaj/ Venkidesa Kumar
A9: Shoe Track Joints : | D9: Weight: | E9: 29 | G9: Drift: | H9: 6.059 in | M9: 27.58
A10: TSH Wedge 563® | D10: Connection Type 1: | E10: VAMTOP HC | G10: Connection Type 2: | H10: VAM 21 HT-NX | K10: Shoe Depth: | L10: =SUM(L11-L12) -> 21355
A11: Grade: SANICRO 28-110 | D11: Grade: | E11: SM2535-110 | G11: Grade: | H11: SM2535-110 | K11: Total Depth: | L11: 21365
A12: M/Up loss: | B12: 4.05 | D12: Make Up Loss: | E12: 4.776 | G12: Make Up Loss: | H12: 4.866 | K12: Rat Hole: | L12: 10
A13: Casing ID: 6.250 in | D13: Casing ID: | E13: 6.25 | G13: Casing ID: | H13: 6.25 | K13: Top of 7" Liner: | L13: =J333 -> 11528.421
D14: Mud Weight: | E14: 12.3 | G14: Centralizers Type: | H14: Purple-X Bow Spring | K14: 9-5/8" Shoe: | L14: 11860 | M14: Pump Output
D15: BF: | E15: =(65.45-E14)/65.45 -> 0.81207028 | G15: Total Centralizers: | H15: =SUM(C18:C320) -> 580 | K15: 9-5/8" x 10-3/4" Crossover: | L15: 1283.32 ft. | M15: 0.119
A16: DESCRIPTION | C16: CENTRALIZERS | E16: DECK | F16: JOINT | G16: EFFECTIVE | H16: JOINT | I16: TOTAL | J16: DEPTH OF | K16: EST STRG | L16: COMMENTS
C17: No. | D17: TYPE | E17: NUM. | F17: LENGTH | G17: LENGTH | H17: IN/OUT | I17: LENGTH | J17: TOP OF JT | K17: WEIGHT | L17: COMMENTS
A18: FLOAT SHOE ASSY - A QELNG-7in-FS-171-NFE | C18: A | D18: Float Shoe - Double Valve, Eccentric | F18: ='DECK TALLY'!K6 -> 3.37 | G18: =SUM('DECK TALLY'!K6) -> 3.37 | H18: IN | I18: =G18 -> 3.37 | J18: =L10-G18 -> 21351.63 | K18: =$H$8+(I18*$E$9*$E$15/1000) -> 85.079364 | L18: PN: H100950451GRG1, SN: 112201-112227-6 Max OD: 7.729", 29#, L80
C19: 2 | D19: Shoe Jt - TSH Wedge 563 | F19: =SUM('DECK TALLY'!K7) -> 37.2 | G19: =SUM('DECK TALLY'!K7) -> 37.2 | H19: IN | I19: =IF(H19="IN",I18+G19,I18) -> 40.57 | J19: =IF(I19="","",$L$10-I19) -> 21314.43 | K19: =$H$8+(I19*$E$9*$E$15/1000) -> 85.955425
A20: FLOAT COLLAR ASSY - A QELNG-7in-FC-171-NFE | C20: 1 | D20: Bttm Pup Jt. - TSH Wedge 563 | F20: =SUM('DECK TALLY'!K9) -> 20.26 | G20: =F20-(B12/12) -> 19.9225 | H20: IN | I20: =IF(H20="IN",I19+G20,I19) -> 60.4925 | J20: =IF(I20="","",$L$10-I20) -> 21294.507 | K20: =$H$8+(I20*$E$9*$E$15/1000) -> 86.424601 | L20: PN: H101890295GRG1, SN: 112195 - 112218-2 Max OD: 7.705", 29#, L80
C21: A | D21: Float Collar - Double Valve | F21: =SUM('DECK TALLY'!K10) -> 2.91 | G21: =F21 -> 2.91 | H21: IN | I21: =IF(H21="IN",I20+G21,I20) -> 63.4025 | J21: =IF(I21="","",$L$10-I21) -> 21291.597 | K21: =$H$8+(I21*$E$9*$E$15/1000) -> 86.493131
C22: 1 | D22: Top Pup Jt. - TSH Wedge 563 | F22: =SUM('DECK TALLY'!K11) -> 19.9 | G22: =F22 -> 19.9 | H22: IN | I22: =IF(H22="IN",I21+G22,I21) -> 83.3025 | J22: =IF(I22="","",$L$10-I22) -> 21271.697 | K22: =$H$8+(I22*$E$9*$E$15/1000) -> 86.961777
A23: LANDING COLLAR QELNG-7in-LC-172-NFE-VTHC | C23: 1 | D23: Bttm Pup Jt. - TSH Wedge 563 | F23: =SUM('DECK TALLY'!K13) -> 18.35 | G23: =F23-(B12/12) -> 18.0125 | H23: IN | I23: =IF(H23="IN",I22+G23,I22) -> 101.315 | J23: =IF(I23="","",$L$10-I23) -> 21253.685 | K23: =$H$8+(I23*$E$9*$E$15/1000) -> 87.385972 | L23: LFC Landing Collar (Ball Seat Sheared) PN: H274120438GRG1, SN: 108656274-05, Max OD: 7.676"
C24: A | D24: LFC Landing Collar | F24: =SUM('DECK TALLY'!K14) -> 4.41 | G24: =F24 -> 4.41 | H24: IN | I24: =IF(H24="IN",I23+G24,I23) -> 105.725 | J24: =IF(I24="","",$L$10-I24) -> 21249.275 | K24: =$H$8+(I24*$E$9*$E$15/1000) -> 87.489828
C25: 1 | D25: Top Pup Jt. - TSH Wedge 563 | F25: =SUM('DECK TALLY'!K15) -> 17.47 | G25: =F25 -> 17.47 | H25: IN | I25: =IF(H25="IN",I24+G25,I24) -> 123.195 | J25: =IF(I25="","",$L$10-I25) -> 21231.805 | K25: =$H$8+(I25*$E$9*$E$15/1000) -> 87.901247
C26: - | D26: Crossover - TSH Wedge 563 Pin Dwn x VAM TOP HC Box Up | F26: =SUM('DECK TALLY'!K16) -> 5.48 | G26: =F26 -> 5.48 | H26: IN | I26: =IF(H26="IN",I25+G26,I25) -> 128.675 | J26: =IF(I26="","",$L$10-I26) -> 21226.325 | K26: =$H$8+(I26*$E$9*$E$15/1000) -> 88.030301
A27: QELNG-7in-XO-32-NFE VTHC | C27: 7" VAM TOP HC FULL JOINT B x P | F27: =SUM('DECK TALLY'!K18) -> 33.35 | G27: =F27-(4.776/12) -> 32.952 | H27: IN | I27: =IF(H27="IN",I26+G27,I26) -> 161.627 | J27: =IF(I27="","",$L$10-I27) -> 21193.373 | K27: =$H$8+(I27*$E$9*$E$15/1000) -> 88.806322
C28: 7" XOVER VAM TOP HT- PIN DOWN x VAM 21 HT-NX BOX UP | F28: =SUM('DECK TALLY'!K19) -> 5.35 | G28: =F28 -> 5.35 | H28: IN | I28: =IF(H28="IN",I27+G28,I27) -> 166.977 | J28: =IF(I28="","",$L$10-I28) -> 21188.023 | K28: =$H$8+(I28*$E$9*$E$15/1000) -> 88.932315
A29: Vam 21 HT NX | C29: 2 | D29: Bow Spring | E29: ='DECK TALLY'!B6 -> 1 | F29: ='DECK TALLY'!C6 -> 33.75 | G29: =F29-($H$12/12) -> 33.3445 | H29: IN | I29: =IF(H29="IN",I28+G29,I28) -> 200.3215 | J29: =IF(I29="","",$L$10-I29) -> 21154.679 | K29: =$H$8+(I29*$E$9*$E$15/1000) -> 89.717579 | L29: PIP TAG # 7 ON JT# 2 | N29: Pip Tag Proposed Depth
A30: 20ft Pup Joint | C30: 1 | D30: Bow Spring | E30: ='DECK TALLY'!F11 -> P 6 | F30: ='DECK TALLY'!G11 -> 20.2 | G30: =F30-($H$12/12) -> 19.7945 | H30: IN | I30: =IF(H30="IN",I29+G30,I29) -> 220.116 | J30: =IF(I30="","",$L$10-I30) -> 21134.884 | K30: =$H$8+(I30*$E$9*$E$15/1000) -> 90.18374 | L30: PIP TAG # 7 INSTALLED 4 ft FROM PIN END
A31: Vam 21 HT NX | C31: 2 | D31: Bow Spring | E31: ='DECK TALLY'!B7 -> 2 | F31: ='DECK TALLY'!C7 -> 33.94 | G31: =F31-($H$12/12) -> 33.5345 | H31: IN | I31: =IF(H31="IN",I30+G31,I30) -> 253.6505 | J31: =IF(I31="","",$L$10-I31) -> 21101.35 | K31: =$H$8+(I31*$E$9*$E$15/1000) -> 90.973479 | L31: Pip Tag DEPTH : | M31: =SUM(J30-4) -> 21130.884 | N31: 21100
A32: Vam 21 HT NX | C32: 1 | D32: Bow Spring | E32: ='DECK TALLY'!B8 -> 3 | F32: =VLOOKUP(E32,'DECK TALLY'!$B$6:$C$316,2,FALSE) -> 33.94 | G32: =F32-($H$12/12) -> 33.5345 | H32: IN | I32: =IF(H32="IN",I31+G32,I31) -> 287.185 | J32: =IF(I32="","",$L$10-I32) -> 21067.815 | K32: =$H$8+(I32*$E$9*$E$15/1000) -> 91.763218 | L32: below K3 perfs - Cont. EZSV correlation | N32: =M31-N31 -> 30.884
A33: Vam 21 HT NX | C33: 2 | D33: Bow Spring | E33: ='DECK TALLY'!B9 -> 4 | F33: =VLOOKUP(E33,'DECK TALLY'!$B$6:$C$316,2,FALSE) -> 33.9 | G33: =F33-($H$12/12) -> 33.4945 | H33: IN | I33: =IF(H33="IN",I32+G33,I32) -> 320.6795 | J33: =IF(I33="","",$L$10-I33) -> 21034.321 | K33: =$H$8+(I33*$E$9*$E$15/1000) -> 92.552014 | L33: Remove 1 x centralizer from jt # 3
A34: Vam 21 HT NX | C34: 2 | D34: Bow Spring | E34: ='DECK TALLY'!B10 -> 5 | F34: =VLOOKUP(E34,'DECK TALLY'!$B$6:$C$316,2,FALSE) -> 33.89 | G34: =F34-($H$12/12) -> 33.4845 | H34: IN | I34: =IF(H34="IN",I33+G34,I33) -> 354.164 | J34: =IF(I34="","",$L$10-I34) -> 21000.836 | K34: =$H$8+(I34*$E$9*$E$15/1000) -> 93.340576
A35: Vam 21 HT NX | C35: 2 | D35: Bow Spring | E35: ='DECK TALLY'!B11 -> 6 | F35: =VLOOKUP(E35,'DECK TALLY'!$B$6:$C$316,2,FALSE) -> 33.52 | G35: =F35-($H$12/12) -> 33.1145 | H35: IN | I35: =IF(H35="IN",I34+G35,I34) -> 387.2785 | J35: =IF(I35="","",$L$10-I35) -> 20967.721 | K35: =$H$8+(I35*$E$9*$E$15/1000) -> 94.120423
A36: Vam 21 HT NX | C36: 2 | D36: Bow Spring | E36: ='DECK TALLY'!B12 -> 7 | F36: =VLOOKUP(E36,'DECK TALLY'!$B$6:$C$316,2,FALSE) -> 32.45 | G36: =F36-($H$12/12) -> 32.0445 | H36: IN | I36: =IF(H36="IN",I35+G36,I35) -> 419.323 | J36: =IF(I36="","",$L$10-I36) -> 20935.677 | K36: =$H$8+(I36*$E$9*$E$15/1000) -> 94.875073
A37: Vam 21 HT NX | C37: 2 | D37: Bow Spring | E37: ='DECK TALLY'!B13 -> 8 | F37: =VLOOKUP(E37,'DECK TALLY'!$B$6:$C$316,2,FALSE) -> 33.77 | G37: =F37-($H$12/12) -> 33.3645 | H37: IN | I37: =IF(H37="IN",I36+G37,I36) -> 452.6875 | J37: =IF(I37="","",$L$10-I37) -> 20902.312 | K37: =$H$8+(I37*$E$9*$E$15/1000) -> 95.660808
A38: Vam 21 HT NX | C38: 2 | D38: Bow Spring | E38: ='DECK TALLY'!B14 -> 9 | F38: =VLOOKUP(E38,'DECK TALLY'!$B$6:$C$316,2,FALSE) -> 33.4 | G38: =F38-($H$12/12) -> 32.9945 | H38: IN | I38: =IF(H38="IN",I37+G38,I37) -> 485.682 | J38: =IF(I38="","",$L$10-I38) -> 20869.318 | K38: =$H$8+(I38*$E$9*$E$15/1000) -> 96.43783
A39: Vam 21 HT NX | C39: 2 | D39: Bow Spring | E39: ='DECK TALLY'!B15 -> 10 | F39: =VLOOKUP(E39,'DECK TALLY'!$B$6:$C$316,2,FALSE) -> 33.83 | G39: =F39-($H$12/12) -> 33.4245 | H39: IN | I39: =IF(H39="IN",I38+G39,I38) -> 519.1065 | J39: =IF(I39="","",$L$10-I39) -> 20835.893 | K39: =$H$8+(I39*$E$9*$E$15/1000) -> 97.224978
A40: Vam 21 HT NX | C40: 2 | D40: Bow Spring | E40: ='DECK TALLY'!B16 -> 11 | F40: =VLOOKUP(E40,'DECK TALLY'!$B$6:$C$316,2,FALSE) -> 33.79 | G40: =F40-($H$12/12) -> 33.3845 | H40: IN | I40: =IF(H40="IN",I39+G40,I39) -> 552.491 | J40: =IF(I40="","",$L$10-I40) -> 20802.509 | K40: =$H$8+(I40*$E$9*$E$15/1000) -> 98.011184
A41: Vam 21 HT NX | C41: 2 | D41: Bow Spring | E41: ='DECK TALLY'!B17 -> 12 | F41: =VLOOKUP(E41,'DECK TALLY'!$B$6:$C$316,2,FALSE) -> 33.94 | G41: =F41-($H$12/12) -> 33.5345 | H41: IN | I41: =IF(H41="IN",I40+G41,I40) -> 586.0255 | J41: =IF(I41="","",$L$10-I41) -> 20768.975 | K41: =$H$8+(I41*$E$9*$E$15/1000) -> 98.800923
A42: Vam 21 HT NX | C42: 2 | D42: Bow Spring | E42: ='DECK TALLY'!B18 -> 13 | F42: =VLOOKUP(E42,'DECK TALLY'!$B$6:$C$316,2,FALSE) -> 33.85 | G42: =F42-($H$12/12) -> 33.4445 | H42: IN | I42: =IF(H42="IN",I41+G42,I41) -> 619.47 | J42: =IF(I42="","",$L$10-I42) -> 20735.53 | K42: =$H$8+(I42*$E$9*$E$15/1000) -> 99.588542
A43: Vam 21 HT NX | C43: 2 | D43: Bow Spring | E43: ='DECK TALLY'!B19 -> 14 | F43: =VLOOKUP(E43,'DECK TALLY'!$B$6:$C$316,2,FALSE) -> 33.55 | G43: =F43-($H$12/12) -> 33.1445 | H43: IN | I43: =IF(H43="IN",I42+G43,I42) -> 652.6145 | J43: =IF(I43="","",$L$10-I43) -> 20702.386 | K43: =$H$8+(I43*$E$9*$E$15/1000) -> 100.3691
A44: Vam 21 HT NX | C44: 2 | D44: Bow Spring | E44: ='DECK TALLY'!B20 -> 15 | F44: =VLOOKUP(E44,'DECK TALLY'!$B$6:$C$316,2,FALSE) -> 33.58 | G44: =F44-($H$12/12) -> 33.1745 | H44: IN | I44: =IF(H44="IN",I43+G44,I43) -> 685.789 | J44: =IF(I44="","",$L$10-I44) -> 20669.211 | K44: =$H$8+(I44*$E$9*$E$15/1000) -> 101.15036
A45: Vam 21 HT NX | C45: 2 | D45: Bow Spring | E45: ='DECK TALLY'!B21 -> 16 | F45: =VLOOKUP(E45,'DECK TALLY'!$B$6:$C$316,2,FALSE) -> 33.71 | G45: =F45-($H$12/12) -> 33.3045 | H45: IN | I45: =IF(H45="IN",I44+G45,I44) -> 719.0935 | J45: =IF(I45="","",$L$10-I45) -> 20635.907 | K45: =$H$8+(I45*$E$9*$E$15/1000) -> 101.93468
... A48: Vam 21 HT NX | C48: 2 | D48: Bow Spring | E48: ='DECK TALLY'!B24 -> 19 | F48: =VLOOKUP(E48,'DECK TALLY'!$B$6:$C$316,2,FALSE) -> 33.95 | G48: =F48-($H$12/12) -> 33.5445 | H48: IN | I48: =IF(H48="IN",I47+G48,I47) -> 819.727 | J48: =IF(I48="","",$L$10-I48) -> 20535.273 | K48: =$H$8+(I48*$E$9*$E$15/1000) -> 104.3046
A49: Vam 21 HT NX | C49: 2 | D49: Bow Spring | E49: ='DECK TALLY'!B25 -> 20 | F49: =VLOOKUP(E49,'DECK TALLY'!$B$6:$C$316,2,FALSE) -> 33.79 | G49: =F49-($H$12/12) -> 33.3845 | H49: OUT | I49: =IF(H49="IN",I48+G49,I48) -> 819.727 | J49: =IF(I49="","",$L$10-I49) -> 20535.273 | K49: =$H$8+(I49*$E$9*$E$15/1000) -> 104.3046 | L49: Damaged- Rejected
A50: Vam 21 HT NX | C50: 2 | D50: Bow Spring | E50: ='DECK TALLY'!B26 -> 21 | F50: =VLOOKUP(E50,'DECK TALLY'!$B$6:$C$316,2,FALSE) -> 33.94 | G50: =F50-($H$12/12) -> 33.5345 | H50: OUT | I50: =IF(H50="IN",I49+G50,I49) -> 819.727 | J50: =IF(I50="","",$L$10-I50) -> 20535.273 | K50: =$H$8+(I50*$E$9*$E$15/1000) -> 104.3046 | L50: Damaged- Rejected
A51: Vam 21 HT NX | C51: 2 | D51: Bow Spring | E51: ='DECK TALLY'!B27 -> 22 | F51: =VLOOKUP(E51,'DECK TALLY'!$B$6:$C$316,2,FALSE) -> 33.95 | G51: =F51-($H$12/12) -> 33.5445 | H51: IN | I51: =IF(H51="IN",I50+G51,I50) -> 853.2715 | J51: =IF(I51="","",$L$10-I51) -> 20501.729 | K51: =$H$8+(I51*$E$9*$E$15/1000) -> 105.09458
A52: Vam 21 HT NX | C52: 2 | D52: Bow Spring | E52: ='DECK TALLY'!B28 -> 23 | F52: =VLOOKUP(E52,'DECK TALLY'!$B$6:$C$316,2,FALSE) -> 33.72 | G52: =F52-($H$12/12) -> 33.3145 | H52: IN | I52: =IF(H52="IN",I51+G52,I51) -> 886.586 | J52: =IF(I52="","",$L$10-I52) -> 20468.414 | K52: =$H$8+(I52*$E$9*$E$15/1000) -> 105.87913
A53: Vam 21 HT NX | C53: 2 | D53: Bow Spring | E53: ='DECK TALLY'!B29 -> 24 | F53: =VLOOKUP(E53,'DECK TALLY'!$B$6:$C$316,2,FALSE) -> 33.67 | G53: =F53-($H$12/12) -> 33.2645 | H53: IN | I53: =IF(H53="IN",I52+G53,I52) -> 919.8505 | J53: =IF(I53="","",$L$10-I53) -> 20435.149 | K53: =$H$8+(I53*$E$9*$E$15/1000) -> 106.66251
A54: Vam 21 HT NX | C54: 2 | D54: Bow Spring | E54: ='DECK TALLY'!B30 -> 25 | F54: =VLOOKUP(E54,'DECK TALLY'!$B$6:$C$316,2,FALSE) -> 33.95 | G54: =F54-($H$12/12) -> 33.5445 | H54: IN | I54: =IF(H54="IN",I53+G54,I53) -> 953.395 | J54: =IF(I54="","",$L$10-I54) -> 20401.605 | K54: =$H$8+(I54*$E$9*$E$15/1000) -> 107.45249
A55: Vam 21 HT NX | C55: 2 | D55: Bow Spring | E55: ='DECK TALLY'!B31 -> 26 | F55: =VLOOKUP(E55,'DECK TALLY'!$B$6:$C$316,2,FALSE) -> 33.9 | G55: =F55-($H$12/12) -> 33.4945 | H55: IN | I55: =IF(H55="IN",I54+G55,I54) -> 986.8895 | J55: =IF(I55="","",$L$10-I55) -> 20368.11 | K55: =$H$8+(I55*$E$9*$E$15/1000) -> 108.24129
A56: Vam 21 HT NX | C56: 2 | D56: Bow Spring | E56: ='DECK TALLY'!B32 -> 27 | F56: =VLOOKUP(E56,'DECK TALLY'!$B$6:$C$316,2,FALSE) -> 33.9 | G56: =F56-($H$12/12) -> 33.4945 | H56: IN | I56: =IF(H56="IN",I55+G56,I55) -> 1020.384 | J56: =IF(I56="","",$L$10-I56) -> 20334.616 | K56: =$H$8+(I56*$E$9*$E$15/1000) -> 109.03008
A57: Vam 21 HT NX | C57: 2 | D57: Bow Spring | E57: ='DECK TALLY'!B33 -> 28 | F57: =VLOOKUP(E57,'DECK TALLY'!$B$6:$C$316,2,FALSE) -> 33.9 | G57: =F57-($H$12/12) -> 33.4945 | H57: IN | I57: =IF(H57="IN",I56+G57,I56) -> 1053.8785 | J57: =IF(I57="","",$L$10-I57) -> 20301.122 | K57: =$H$8+(I57*$E$9*$E$15/1000) -> 109.81888
A58: Vam 21 HT NX | C58: 2 | D58: Bow Spring | E58: ='DECK TALLY'!B34 -> 29 | F58: =VLOOKUP(E58,'DECK TALLY'!$B$6:$C$316,2,FALSE) -> 33.72 | G58: =F58-($H$12/12) -> 33.3145 | H58: IN | I58: =IF(H58="IN",I57+G58,I57) -> 1087.193 | J58: =IF(I58="","",$L$10-I58) -> 20267.807 | K58: =$H$8+(I58*$E$9*$E$15/1000) -> 110.60344
A59: Vam 21 HT NX | C59: 2 | D59: Bow Spring | E59: ='DECK TALLY'!B35 -> 30 | F59: =VLOOKUP(E59,'DECK TALLY'!$B$6:$C$316,2,FALSE) -> 33.85 | G59: =F59-($H$12/12) -> 33.4445 | H59: IN | I59: =IF(H59="IN",I58+G59,I58) -> 1120.6375 | J59: =IF(I59="","",$L$10-I59) -> 20234.362 | K59: =$H$8+(I59*$E$9*$E$15/1000) -> 111.39106
A60: Vam 21 HT NX | C60: 2 | D60: Bow Spring | E60: ='DECK TALLY'!B36 -> 31 | F60: =VLOOKUP(E60,'DECK TALLY'!$B$6:$C$316,2,FALSE) -> 33.76 | G60: =F60-($H$12/12) -> 33.3545 | H60: IN | I60: =IF(H60="IN",I59+G60,I59) -> 1153.992 | J60: =IF(I60="","",$L$10-I60) -> 20201.008 | K60: =$H$8+(I60*$E$9*$E$15/1000) -> 112.17656
A61: Vam 21 HT NX | C61: 2 | D61: Bow Spring | E61: ='DECK TALLY'!B37 -> 32 | F61: =VLOOKUP(E61,'DECK TALLY'!$B$6:$C$316,2,FALSE) -> 33.94 | G61: =F61-($H$12/12) -> 33.5345 | H61: IN | I61: =IF(H61="IN",I60+G61,I60) -> 1187.5265 | J61: =IF(I61="","",$L$10-I61) -> 20167.474 | K61: =$H$8+(I61*$E$9*$E$15/1000) -> 112.96629
A62: Vam 21 HT NX | C62: 2 | D62: Bow Spring | E62: ='DECK TALLY'!B38 -> 33 | F62: =VLOOKUP(E62,'DECK TALLY'!$B$6:$C$316,2,FALSE) -> 33.36 | G62: =F62-($H$12/12) -> 32.9545 | H62: IN | I62: =IF(H62="IN",I61+G62,I61) -> 1220.481 | J62: =IF(I62="","",$L$10-I62) -> 20134.519 | K62: =$H$8+(I62*$E$9*$E$15/1000) -> 113.74237
... A91: Vam 21 HT NX | C91: 2 | D91: Bow Spring | E91: ='DECK TALLY'!B67 -> 62 | F91: =VLOOKUP(E91,'DECK TALLY'!$B$6:$C$316,2,FALSE) -> 33.13 | G91: =F91-($H$12/12) -> 32.7245 | H91: IN | I91: =IF(H91="IN",I90+G91,I90) -> 2177.9815 | J91: =IF(I91="","",$L$10-I91) -> 19177.018 | K91: =$H$8+(I91*$E$9*$E$15/1000) -> 136.29155
A92: Vam 21 HT NX | C92: 2 | D92: Bow Spring | E92: ='DECK TALLY'!B68 -> 63 | F92: =VLOOKUP(E92,'DECK TALLY'!$B$6:$C$316,2,FALSE) -> 33.97 | G92: =F92-($H$12/12) -> 33.5645 | H92: IN | I92: =IF(H92="IN",I91+G92,I91) -> 2211.546 | J92: =IF(I92="","",$L$10-I92) -> 19143.454 | L92: PIP TAG # 6 ON JT# 65 | N92: Pip Tag Proposed Depth
A93: Vam 21 HT NX | C93: 2 | D93: Bow Spring | E93: ='DECK TALLY'!B69 -> 64 | F93: =VLOOKUP(E93,'DECK TALLY'!$B$6:$C$316,2,FALSE) -> 33.57 | G93: =F93-($H$12/12) -> 33.1645 | H93: IN | I93: =IF(H93="IN",I92+G93,I92) -> 2244.7105 | J93: =IF(I93="","",$L$10-I93) -> 19110.289 | L93: PIP TAG # 6 INSTALLED 4 ft FROM PIN END
A94: 20ft Pup Joint | C94: 1 | D94: Bow Spring | E94: ='DECK TALLY'!F8 -> P 3 | F94: ='DECK TALLY'!G8 -> 20.22 | G94: =F94-($H$12/12) -> 19.8145 | H94: IN | I94: =IF(H94="IN",I93+G94,I93) -> 2264.525 | J94: =IF(I94="","",$L$10-I94) -> 19090.475 | K94: =$H$8+(I94*$E$9*$E$15/1000) -> 138.32965 | L94: Pip Tag DEPTH : | M94: =SUM(J94-4) -> 19086.475 | N94: 19058
A95: Vam 21 HT NX | C95: 2 | D95: Bow Spring | E95: ='DECK TALLY'!B70 -> 65 | F95: =VLOOKUP(E95,'DECK TALLY'!$B$6:$C$316,2,FALSE) -> 33.96 | G95: =F95-($H$12/12) -> 33.5545 | H95: IN | I95: =IF(H95="IN",I94+G95,I94) -> 2298.0795 | J95: =IF(I95="","",$L$10-I95) -> 19056.921 | K95: =$H$8+(I95*$E$9*$E$15/1000) -> 139.11986 | L95: below K2 perfs - Torcplug correlation | N95: =M94-N94 -> 28.475
A96: Vam 21 HT NX | C96: 1 | D96: Bow Spring | E96: ='DECK TALLY'!B71 -> 66 | F96: =VLOOKUP(E96,'DECK TALLY'!$B$6:$C$316,2,FALSE) -> 33.94 | G96: =F96-($H$12/12) -> 33.5345 | H96: IN | I96: =IF(H96="IN",I95+G96,I95) -> 2331.614 | J96: =IF(I96="","",$L$10-I96) -> 19023.386 | K96: =$H$8+(I96*$E$9*$E$15/1000) -> 139.9096 | L96: Remove 1 x centralizer from jt # 66
A97: Vam 21 HT NX | C97: 2 | D97: Bow Spring | E97: ='DECK TALLY'!B72 -> 67 | F97: =VLOOKUP(E97,'DECK TALLY'!$B$6:$C$316,2,FALSE) -> 33.94 | G97: =F97-($H$12/12) -> 33.5345 | H97: IN | I97: =IF(H97="IN",I96+G97,I96) -> 2365.1485 | J97: =IF(I97="","",$L$10-I97) -> 18989.852 | K97: =$H$8+(I97*$E$9*$E$15/1000) -> 140.69934
A98: Vam 21 HT NX | C98: 2 | D98: Bow Spring | E98: ='DECK TALLY'!B73 -> 68 | F98: =VLOOKUP(E98,'DECK TALLY'!$B$6:$C$316,2,FALSE) -> 33.94 | G98: =F98-($H$12/12) -> 33.5345 | H98: IN | I98: =IF(H98="IN",I97+G98,I97) -> 2398.683 | J98: =IF(I98="","",$L$10-I98) -> 18956.317 | K98: =$H$8+(I98*$E$9*$E$15/1000) -> 141.48908
A99: Vam 21 HT NX | C99: 2 | D99: Bow Spring | E99: ='DECK TALLY'!B74 -> 69 | F99: =VLOOKUP(E99,'DECK TALLY'!$B$6:$C$316,2,FALSE) -> 33.94 | G99: =F99-($H$12/12) -> 33.5345 | H99: IN | I99: =IF(H99="IN",I98+G99,I98) -> 2432.2175 | J99: =IF(I99="","",$L$10-I99) -> 18922.783 | K99: =$H$8+(I99*$E$9*$E$15/1000) -> 142.27882
A100: Vam 21 HT NX | C100: 2 | D100: Bow Spring | E100: ='DECK TALLY'!B75 -> 70 | F100: =VLOOKUP(E100,'DECK TALLY'!$B$6:$C$316,2,FALSE) -> 33.76 | G100: =F100-($H$12/12) -> 33.3545 | H100: IN | I100: =IF(H100="IN",I99+G100,I99) -> 2465.572 | J100: =IF(I100="","",$L$10-I100) -> 18889.428 | K100: =$H$8+(I100*$E$9*$E$15/1000) -> 143.06431
A101: Vam 21 HT NX | C101: 2 | D101: Bow Spring | E101: ='DECK TALLY'!B76 -> 71 | F101: =VLOOKUP(E101,'DECK TALLY'!$B$6:$C$316,2,FALSE) -> 33.57 | G101: =F101-($H$12/12) -> 33.1645 | H101: IN | I101: =IF(H101="IN",I100+G101,I100) -> 2498.7365 | J101: =IF(I101="","",$L$10-I101) -> 18856.264 | K101: =$H$8+(I101*$E$9*$E$15/1000) -> 143.84534
A102: Vam 21 HT NX | C102: 2 | D102: Bow Spring | E102: ='DECK TALLY'!B77 -> 72 | F102: =VLOOKUP(E102,'DECK TALLY'!$B$6:$C$316,2,FALSE) -> 33.8 | G102: =F102-($H$12/12) -> 33.3945 | H102: IN | I102: =IF(H102="IN",I101+G102,I101) -> 2532.131 | J102: =IF(I102="","",$L$10-I102) -> 18822.869 | K102: =$H$8+(I102*$E$9*$E$15/1000) -> 144.63178
A103: Vam 21 HT NX | C103: 2 | D103: Bow Spring | E103: ='DECK TALLY'!B78 -> 73 | F103: =VLOOKUP(E103,'DECK TALLY'!$B$6:$C$316,2,FALSE) -> 33.58 | G103: =F103-($H$12/12) -> 33.1745 | H103: IN | I103: =IF(H103="IN",I102+G103,I102) -> 2565.3055 | J103: =IF(I103="","",$L$10-I103) -> 18789.694 | K103: =$H$8+(I103*$E$9*$E$15/1000) -> 145.41304
A104: Vam 21 HT NX | C104: 2 | D104: Bow Spring | E104: ='DECK TALLY'!B79 -> 74 | F104: =VLOOKUP(E104,'DECK TALLY'!$B$6:$C$316,2,FALSE) -> 33.94 | G104: =F104-($H$12/12) -> 33.5345 | H104: IN | I104: =IF(H104="IN",I103+G104,I103) -> 2598.84 | J104: =IF(I104="","",$L$10-I104) -> 18756.16 | K104: =$H$8+(I104*$E$9*$E$15/1000) -> 146.20278
A105: Vam 21 HT NX | C105: 2 | D105: Bow Spring | E105: ='DECK TALLY'!B80 -> 75 | F105: =VLOOKUP(E105,'DECK TALLY'!$B$6:$C$316,2,FALSE) -> 33.67 | G105: =F105-($H$12/12) -> 33.2645 | H105: IN | I105: =IF(H105="IN",I104+G105,I104) -> 2632.1045 | J105: =IF(I105="","",$L$10-I105) -> 18722.895 | K105: =$H$8+(I105*$E$9*$E$15/1000) -> 146.98616
A106: Vam 21 HT NX | C106: 2 | D106: Bow Spring | E106: ='DECK TALLY'!B81 -> 76 | F106: =VLOOKUP(E106,'DECK TALLY'!$B$6:$C$316,2,FALSE) -> 33.5 | G106: =F106-($H$12/12) -> 33.0945 | H106: IN | I106: =IF(H106="IN",I105+G106,I105) -> 2665.199 | J106: =IF(I106="","",$L$10-I106) -> 18689.801 | K106: =$H$8+(I106*$E$9*$E$15/1000) -> 147.76554
A107: Vam 21 HT NX | C107: 2 | D107: Bow Spring | E107: ='DECK TALLY'!B82 -> 77 | F107: =VLOOKUP(E107,'DECK TALLY'!$B$6:$C$316,2,FALSE) -> 33.94 | G107: =F107-($H$12/12) -> 33.5345 | H107: IN | I107: =IF(H107="IN",I106+G107,I106) -> 2698.7335 | J107: =IF(I107="","",$L$10-I107) -> 18656.266 | K107: =$H$8+(I107*$E$9*$E$15/1000) -> 148.55528
A108: Vam 21 HT NX | C108: 2 | D108: Bow Spring | E108: ='DECK TALLY'!B83 -> 78 | F108: =VLOOKUP(E108,'DECK TALLY'!$B$6:$C$316,2,FALSE) -> 33.21 | G108: =F108-($H$12/12) -> 32.8045 | H108: IN | I108: =IF(H108="IN",I107+G108,I107) -> 2731.538 | J108: =IF(I108="","",$L$10-I108) -> 18623.462 | K108: =$H$8+(I108*$E$9*$E$15/1000) -> 149.32782
... A112: Vam 21 HT NX | C112: 2 | D112: Bow Spring | E112: ='DECK TALLY'!B87 -> 82 | F112: =VLOOKUP(E112,'DECK TALLY'!$B$6:$C$316,2,FALSE) -> 33.94 | G112: =F112-($H$12/12) -> 33.5345 | H112: IN | I112: =IF(H112="IN",I111+G112,I111) -> 2865.676 | J112: =IF(I112="","",$L$10-I112) -> 18489.324 | K112: =$H$8+(I112*$E$9*$E$15/1000) -> 152.48678
A113: Vam 21 HT NX | C113: 2 | D113: Bow Spring | E113: ='DECK TALLY'!B88 -> 83 | F113: =VLOOKUP(E113,'DECK TALLY'!$B$6:$C$316,2,FALSE) -> 33.94 | G113: =F113-($H$12/12) -> 33.5345 | H113: IN | I113: =IF(H113="IN",I112+G113,I112) -> 2899.2105 | J113: =IF(I113="","",$L$10-I113) -> 18455.789 | K113: =$H$8+(I113*$E$9*$E$15/1000) -> 153.27652 | O113: `
A114: Vam 21 HT NX | C114: 2 | D114: Bow Spring | E114: ='DECK TALLY'!B89 -> 84 | F114: =VLOOKUP(E114,'DECK TALLY'!$B$6:$C$316,2,FALSE) -> 33.95 | G114: =F114-($H$12/12) -> 33.5445 | H114: IN | I114: =IF(H114="IN",I113+G114,I113) -> 2932.755 | J114: =IF(I114="","",$L$10-I114) -> 18422.245 | K114: =$H$8+(I114*$E$9*$E$15/1000) -> 154.06649
A115: Vam 21 HT NX | C115: 2 | D115: Bow Spring | E115: ='DECK TALLY'!B90 -> 85 | F115: =VLOOKUP(E115,'DECK TALLY'!$B$6:$C$316,2,FALSE) -> 33.95 | G115: =F115-($H$12/12) -> 33.5445 | H115: IN | I115: =IF(H115="IN",I114+G115,I114) -> 2966.2995 | J115: =IF(I115="","",$L$10-I115) -> 18388.7 | K115: =$H$8+(I115*$E$9*$E$15/1000) -> 154.85647
A116: Vam 21 HT NX | C116: 2 | D116: Bow Spring | E116: ='DECK TALLY'!B91 -> 86 | F116: =VLOOKUP(E116,'DECK TALLY'!$B$6:$C$316,2,FALSE) -> 33.95 | G116: =F116-($H$12/12) -> 33.5445 | H116: IN | I116: =IF(H116="IN",I115+G116,I115) -> 2999.844 | J116: =IF(I116="","",$L$10-I116) -> 18355.156 | K116: =$H$8+(I116*$E$9*$E$15/1000) -> 155.64644
A117: Vam 21 HT NX | C117: 2 | D117: Bow Spring | E117: ='DECK TALLY'!B92 -> 87 | F117: =VLOOKUP(E117,'DECK TALLY'!$B$6:$C$316,2,FALSE) -> 33.68 | G117: =F117-($H$12/12) -> 33.2745 | H117: IN | I117: =IF(H117="IN",I116+G117,I116) -> 3033.1185 | J117: =IF(I117="","",$L$10-I117) -> 18321.881 | K117: =$H$8+(I117*$E$9*$E$15/1000) -> 156.43006
A118: Vam 21 HT NX | C118: 2 | D118: Bow Spring | E118: ='DECK TALLY'!B93 -> 88 | F118: =VLOOKUP(E118,'DECK TALLY'!$B$6:$C$316,2,FALSE) -> 33.77 | G118: =F118-($H$12/12) -> 33.3645 | H118: IN | I118: =IF(H118="IN",I117+G118,I117) -> 3066.483 | J118: =IF(I118="","",$L$10-I118) -> 18288.517 | K118: =$H$8+(I118*$E$9*$E$15/1000) -> 157.21579
A119: Vam 21 HT NX | C119: 2 | D119: Bow Spring | E119: ='DECK TALLY'!B94 -> 89 | F119: =VLOOKUP(E119,'DECK TALLY'!$B$6:$C$316,2,FALSE) -> 32.4 | G119: =F119-($H$12/12) -> 31.9945 | H119: IN | I119: =IF(H119="IN",I118+G119,I118) -> 3098.4775 | J119: =IF(I119="","",$L$10-I119) -> 18256.522 | K119: =$H$8+(I119*$E$9*$E$15/1000) -> 157.96926
A120: Vam 21 HT NX | C120: 2 | D120: Bow Spring | E120: ='DECK TALLY'!B95 -> 90 | F120: =VLOOKUP(E120,'DECK TALLY'!$B$6:$C$316,2,FALSE) -> 33.95 | G120: =F120-($H$12/12) -> 33.5445 | H120: IN | I120: =IF(H120="IN",I119+G120,I119) -> 3132.022 | J120: =IF(I120="","",$L$10-I120) -> 18222.978 | K120: =$H$8+(I120*$E$9*$E$15/1000) -> 158.75924
A121: Vam 21 HT NX | C121: 2 | D121: Bow Spring | E121: ='DECK TALLY'!B96 -> 91 | F121: =VLOOKUP(E121,'DECK TALLY'!$B$6:$C$316,2,FALSE) -> 33.81 | G121: =F121-($H$12/12) -> 33.4045 | H121: IN | I121: =IF(H121="IN",I120+G121,I120) -> 3165.4265 | J121: =IF(I121="","",$L$10-I121) -> 18189.573 | K121: =$H$8+(I121*$E$9*$E$15/1000) -> 159.54591
A122: Vam 21 HT NX | C122: 2 | D122: Bow Spring | E122: ='DECK TALLY'!B97 -> 92 | F122: =VLOOKUP(E122,'DECK TALLY'!$B$6:$C$316,2,FALSE) -> 33.95 | G122: =F122-($H$12/12) -> 33.5445 | H122: IN | I122: =IF(H122="IN",I121+G122,I121) -> 3198.971 | J122: =IF(I122="","",$L$10-I122) -> 18156.029 | K122: =$H$8+(I122*$E$9*$E$15/1000) -> 160.33589
A123: Vam 21 HT NX | C123: 2 | D123: Bow Spring | E123: ='DECK TALLY'!B98 -> 93 | F123: =VLOOKUP(E123,'DECK TALLY'!$B$6:$C$316,2,FALSE) -> 33.96 | G123: =F123-($H$12/12) -> 33.5545 | H123: IN | I123: =IF(H123="IN",I122+G123,I122) -> 3232.5255 | J123: =IF(I123="","",$L$10-I123) -> 18122.474 | K123: =$H$8+(I123*$E$9*$E$15/1000) -> 161.1261
A124: Vam 21 HT NX | C124: 2 | D124: Bow Spring | E124: ='DECK TALLY'!B99 -> 94 | F124: =VLOOKUP(E124,'DECK TALLY'!$B$6:$C$316,2,FALSE) -> 33.34 | G124: =F124-($H$12/12) -> 32.9345 | H124: IN | I124: =IF(H124="IN",I123+G124,I123) -> 3265.46 | J124: =IF(I124="","",$L$10-I124) -> 18089.54 | K124: =$H$8+(I124*$E$9*$E$15/1000) -> 161.90171
A125: Vam 21 HT NX | C125: 2 | D125: Bow Spring | E125: ='DECK TALLY'!B100 -> 95 | F125: =VLOOKUP(E125,'DECK TALLY'!$B$6:$C$316,2,FALSE) -> 33.95 | G125: =F125-($H$12/12) -> 33.5445 | H125: IN | I125: =IF(H125="IN",I124+G125,I124) -> 3299.0045 | J125: =IF(I125="","",$L$10-I125) -> 18055.995 | K125: =$H$8+(I125*$E$9*$E$15/1000) -> 162.69168
... A153: Vam 21 HT NX | C153: 2 | D153: Bow Spring | E153: ='DECK TALLY'!B128 -> 123 | F153: =VLOOKUP(E153,'DECK TALLY'!$B$6:$C$316,2,FALSE) -> 33.95 | G153: =F153-($H$12/12) -> 33.5445 | H153: IN | I153: =IF(H153="IN",I152+G153,I152) -> 4230.9105 | J153: =IF(I153="","",$L$10-I153) -> 17124.089 | K153: =$H$8+(I153*$E$9*$E$15/1000) -> 184.6381
A154: Vam 21 HT NX | C154: 2 | D154: Bow Spring | E154: ='DECK TALLY'!B129 -> 124 | F154: =VLOOKUP(E154,'DECK TALLY'!$B$6:$C$316,2,FALSE) -> 33.95 | G154: =F154-($H$12/12) -> 33.5445 | H154: IN | I154: =IF(H154="IN",I153+G154,I153) -> 4264.455 | J154: =IF(I154="","",$L$10-I154) -> 17090.545 | K154: =$H$8+(I154*$E$9*$E$15/1000) -> 185.42808 | L154: Remove 1 x centralizer from jt # 126
A155: Vam 21 HT NX | C155: 2 | D155: Bow Spring | E155: ='DECK TALLY'!B130 -> 125 | F155: =VLOOKUP(E155,'DECK TALLY'!$B$6:$C$316,2,FALSE) -> 33.95 | G155: =F155-($H$12/12) -> 33.5445 | H155: IN | I155: =IF(H155="IN",I154+G155,I154) -> 4297.9995 | J155: =IF(I155="","",$L$10-I155) -> 17057 | K155: =$H$8+(I155*$E$9*$E$15/1000) -> 186.21805 | L155: PIP TAG # 5 ON JT# 127 | N155: Pip Tag Proposed Depth
A156: Vam 21 HT NX | C156: 1 | D156: Bow Spring | E156: ='DECK TALLY'!B131 -> 126 | F156: =VLOOKUP(E156,'DECK TALLY'!$B$6:$C$316,2,FALSE) -> 33.95 | G156: =F156-($H$12/12) -> 33.5445 | H156: IN | I156: =IF(H156="IN",I155+G156,I155) -> 4331.544 | J156: =IF(I156="","",$L$10-I156) -> 17023.456 | K156: =$H$8+(I156*$E$9*$E$15/1000) -> 187.00803 | L156: PIP TAG # 5 INSTALLED 4ft FROM PIN END
A157: Vam 21 HT NX | C157: 2 | D157: Bow Spring | E157: ='DECK TALLY'!B132 -> 127 | F157: =VLOOKUP(E157,'DECK TALLY'!$B$6:$C$316,2,FALSE) -> 33.94 | G157: =F157-($H$12/12) -> 33.5345 | H157: IN | I157: =IF(H157="IN",I156+G157,I156) -> 4365.0785 | J157: =IF(I157="","",$L$10-I157) -> 16989.921 | K157: =$H$8+(I157*$E$9*$E$15/1000) -> 187.79777 | L157: Pip Tag DEPTH : | M157: =SUM(J156-4) -> 17019.456 | N157: 17029
A158: 10ft Pup Joint | C158: 1 | D158: Bow Spring | E158: ='DECK TALLY'!F6 -> P 1 | F158: ='DECK TALLY'!G6 -> 10.22 | G158: =F158-($H$12/12) -> 9.8145 | H158: IN | I158: =IF(H158="IN",I157+G158,I157) -> 4374.893 | J158: =IF(I158="","",$L$10-I158) -> 16980.107 | K158: =$H$8+(I158*$E$9*$E$15/1000) -> 188.0289 | L158: above K2 perfs - CIRP perf correlations | N158: =SUM(M157-N157) -> -9.544
A159: Vam 21 HT NX | C159: 2 | D159: Bow Spring | E159: ='DECK TALLY'!B133 -> 128 | F159: =VLOOKUP(E159,'DECK TALLY'!$B$6:$C$316,2,FALSE) -> 33.94 | G159: =F159-($H$12/12) -> 33.5345 | H159: IN | I159: =IF(H159="IN",I158+G159,I158) -> 4408.4275 | J159: =IF(I159="","",$L$10-I159) -> 16946.572 | K159: =$H$8+(I159*$E$9*$E$15/1000) -> 188.81864
A160: Vam 21 HT NX | C160: 2 | D160: Bow Spring | E160: ='DECK TALLY'!B134 -> 129 | F160: =VLOOKUP(E160,'DECK TALLY'!$B$6:$C$316,2,FALSE) -> 33.82 | G160: =F160-($H$12/12) -> 33.4145 | H160: IN | I160: =IF(H160="IN",I159+G160,I159) -> 4441.842 | J160: =IF(I160="","",$L$10-I160) -> 16913.158 | K160: =$H$8+(I160*$E$9*$E$15/1000) -> 189.60555
A161: Vam 21 HT NX | C161: 2 | D161: Bow Spring | E161: =SUM('DECK TALLY'!B135) -> 130 | F161: =VLOOKUP(E161,'DECK TALLY'!$B$6:$C$316,2,FALSE) -> 32 | G161: =F161-($H$12/12) -> 31.5945 | H161: IN | I161: =IF(H161="IN",I160+G161,I160) -> 4473.4365 | J161: =IF(I161="","",$L$10-I161) -> 16881.563 | K161: =$H$8+(I161*$E$9*$E$15/1000) -> 190.3496
A162: Vam 21 HT NX | C162: 2 | D162: Bow Spring | E162: =SUM('DECK TALLY'!B136) -> 131 | F162: =VLOOKUP(E162,'DECK TALLY'!$B$6:$C$316,2,FALSE) -> 33.96 | G162: =F162-($H$12/12) -> 33.5545 | H162: IN | I162: =IF(H162="IN",I161+G162,I161) -> 4506.991 | J162: =IF(I162="","",$L$10-I162) -> 16848.009 | K162: =$H$8+(I162*$E$9*$E$15/1000) -> 191.13981
A163: Vam 21 HT NX | C163: 2 | D163: Bow Spring | E163: ='DECK TALLY'!B137 -> 132 | F163: =VLOOKUP(E163,'DECK TALLY'!$B$6:$C$316,2,FALSE) -> 33.96 | G163: =F163-($H$12/12) -> 33.5545 | H163: IN | I163: =IF(H163="IN",I162+G163,I162) -> 4540.5455 | J163: =IF(I163="","",$L$10-I163) -> 16814.454 | K163: =$H$8+(I163*$E$9*$E$15/1000) -> 191.93002
...

Sheet 7" Liner Tally NFQ22-9
E2: BAKER HUGHES 7" LINER TALLY
D5: Tension: | E5: 929 Klbs | G5: Well: | H5: NFQ 22-09
D6: Burst: | E6: 11220 | G6: Rig: | H6: Lovando | L6: Date: | M6: 45754
D7: Collapse: | E7: 8530 | G7: Liner Run #: | H7: 1 | L7: Qatar Gas Reps: | M7: Travis Romanko / Remco Roomer/ Handi C
D8: Casing Size: | E8: 7 | G8: Block Weight: | H8: 85 | L8: Baker Hughes Reps: | M8: Mohammed Bounehidaj/ Venkidesa Kumar
A9: Shoe Track Joints : | D9: Weight: | E9: 29 | G9: Drift: | H9: 6.059 in | N9: 27.58
A10: TSH Wedge 563® | D10: Connection Type 1: | E10: VAMTOP HC | G10: Connection Type 2: | H10: VAM 21 HT-NX | L10: Shoe Depth: | M10: =SUM(M11-M12) -> 21355
A11: Grade: SANICRO 28-110 | D11: Grade: | E11: SM2535-110 | G11: Grade: | H11: SM2535-110 | L11: Total Depth: | M11: 21365
A12: M/Up loss: | B12: 4.05 | D12: Make Up Loss: | E12: 4.776 | G12: Make Up Loss: | H12: 4.866 | L12: Rat Hole: | M12: 10
A13: Casing ID: 6.250 in | D13: Casing ID: | E13: 6.25 | G13: Casing ID: | H13: 6.25 | L13: Top of 7" Liner: | M13: =J333 -> 11528.421
D14: Mud Weight: | E14: 12.3 | G14: Centralizers Type: | H14: Purple-X Bow Spring | L14: 9-5/8" Shoe: | M14: 11860 | N14: Pump Output
D15: BF: | E15: =(65.45-E14)/65.45 -> 0.81207028 | G15: Total Centralizers: | H15: =SUM(C18:C320) -> 580 | L15: 9-5/8" x 10-3/4" Crossover: | M15: 1283.32 ft. | N15: 0.119
A16: DESCRIPTION | C16: CENTRALIZERS | E16: DECK | F16: JOINT | G16: EFFECTIVE | H16: JOINT | I16: TOTAL | J16: DEPTH OF | L16: EST STRG | M16: COMMENTS
C17: No. | D17: TYPE | E17: NUM. | F17: LENGTH | G17: LENGTH | H17: IN/OUT | I17: LENGTH | J17: TOP OF JT | L17: WEIGHT | M17: COMMENTS
A18: FLOAT SHOE ASSY - A QELNG-7in-FS-171-NFE | C18: A | D18: Float Shoe - Double Valve, Eccentric | F18: ='DECK TALLY'!K6 -> 3.37 | G18: =SUM('DECK TALLY'!K6) -> 3.37 | H18: IN | I18: =G18 -> 3.37 | J18: =M10-G18 -> 21351.63 | M18: PN: H100950451GRG1, SN: 112201-112227-6 Max OD: 7.729", 29#, L80
C19: 2 | D19: Shoe Jt - TSH Wedge 563 | F19: =SUM('DECK TALLY'!K7) -> 37.2 | G19: =SUM('DECK TALLY'!K7) -> 37.2 | H19: IN | I19: =IF(H19="IN",I18+G19,I18) -> 40.57 | J19: =IF(I19="","",$M$10-I19) -> 21314.43
A20: FLOAT COLLAR ASSY - A QELNG-7in-FC-171-NFE | C20: 1 | D20: Bttm Pup Jt. - TSH Wedge 563 | F20: =SUM('DECK TALLY'!K9) -> 20.26 | G20: =F20-(B12/12) -> 19.9225 | H20: IN | I20: =IF(H20="IN",I19+G20,I19) -> 60.4925 | J20: =IF(I20="","",$M$10-I20) -> 21294.507 | M20: PN: H101890295GRG1, SN: 112195 - 112218-2 Max OD: 7.705", 29#, L80
C21: A | D21: Float Collar - Double Valve | F21: =SUM('DECK TALLY'!K10) -> 2.91 | G21: =F21 -> 2.91 | H21: IN | I21: =IF(H21="IN",I20+G21,I20) -> 63.4025 | J21: =IF(I21="","",$M$10-I21) -> 21291.597
C22: 1 | D22: Top Pup Jt. - TSH Wedge 563 | F22: =SUM('DECK TALLY'!K11) -> 19.9 | G22: =F22 -> 19.9 | H22: IN | I22: =IF(H22="IN",I21+G22,I21) -> 83.3025 | J22: =IF(I22="","",$M$10-I22) -> 21271.697
A23: LANDING COLLAR QELNG-7in-LC-172-NFE-VTHC | C23: 1 | D23: Bttm Pup Jt. - TSH Wedge 563 | F23: =SUM('DECK TALLY'!K13) -> 18.35 | G23: =F23-(B12/12) -> 18.0125 | H23: IN | I23: =IF(H23="IN",I22+G23,I22) -> 101.315 | J23: =IF(I23="","",$M$10-I23) -> 21253.685 | M23: LFC Landing Collar (Ball Seat Sheared) PN: H274120438GRG1, SN: 108656274-05, Max OD: 7.676"
C24: A | D24: LFC Landing Collar | F24: =SUM('DECK TALLY'!K14) -> 4.41 | G24: =F24 -> 4.41 | H24: IN | I24: =IF(H24="IN",I23+G24,I23) -> 105.725 | J24: =IF(I24="","",$M$10-I24) -> 21249.275
C25: 1 | D25: Top Pup Jt. - TSH Wedge 563 | F25: =SUM('DECK TALLY'!K15) -> 17.47 | G25: =F25 -> 17.47 | H25: IN | I25: =IF(H25="IN",I24+G25,I24) -> 123.195 | J25: =IF(I25="","",$M$10-I25) -> 21231.805
C26: - | D26: Crossover - TSH Wedge 563 Pin Dwn x VAM TOP HC Box Up | F26: =SUM('DECK TALLY'!K16) -> 5.48 | G26: =F26 -> 5.48 | H26: IN | I26: =IF(H26="IN",I25+G26,I25) -> 128.675 | J26: =IF(I26="","",$M$10-I26) -> 21226.325
A27: QELNG-7in-XO-32-NFE VTHC | C27: 7" VAM TOP HC FULL JOINT B x P | F27: =SUM('DECK TALLY'!K18) -> 33.35 | G27: =F27-(4.776/12) -> 32.952 | H27: IN | I27: =IF(H27="IN",I26+G27,I26) -> 161.627 | J27: =IF(I27="","",$M$10-I27) -> 21193.373
C28: 7" XOVER VAM TOP HT- PIN DOWN x VAM 21 HT-NX BOX UP | F28: =SUM('DECK TALLY'!K19) -> 5.35 | G28: =F28 -> 5.35 | H28: IN | I28: =IF(H28="IN",I27+G28,I27) -> 166.977 | J28: =IF(I28="","",$M$10-I28) -> 21188.023
A29: Vam 21 HT NX | C29: 2 | D29: Bow Spring | E29: ='DECK TALLY'!B6 -> 1 | F29: ='DECK TALLY'!C6 -> 33.75 | G29: =F29-($H$12/12) -> 33.3445 | H29: IN | I29: =IF(H29="IN",I28+G29,I28) -> 200.3215 | J29: =IF(I29="","",$M$10-I29) -> 21154.679 | M29: PIP TAG # 7 ON JT# 2 | O29: Pip Tag Proposed Depth
A30: 20ft Pup Joint | C30: 1 | D30: Bow Spring | E30: ='DECK TALLY'!F11 -> P 6 | F30: ='DECK TALLY'!G11 -> 20.2 | G30: =F30-($H$12/12) -> 19.7945 | H30: IN | I30: =IF(H30="IN",I29+G30,I29) -> 220.116 | J30: =IF(I30="","",$M$10-I30) -> 21134.884 | M30: PIP TAG # 7 INSTALLED 4 ft FROM PIN END
A31: Vam 21 HT NX | C31: 2 | D31: Bow Spring | E31: ='DECK TALLY'!B7 -> 2 | F31: ='DECK TALLY'!C7 -> 33.94 | G31: =F31-($H$12/12) -> 33.5345 | H31: IN | I31: =IF(H31="IN",I30+G31,I30) -> 253.6505 | J31: =IF(I31="","",$M$10-I31) -> 21101.35 | M31: Pip Tag DEPTH : | N31: =SUM(J30-4) -> 21130.884 | O31: 21100
A32: Vam 21 HT NX | C32: 1 | D32: Bow Spring | E32: ='DECK TALLY'!B8 -> 3 | F32: =VLOOKUP(E32,'DECK TALLY'!$B$6:$C$316,2,FALSE) -> 33.94 | G32: =F32-($H$12/12) -> 33.5345 | H32: IN | I32: =IF(H32="IN",I31+G32,I31) -> 287.185 | J32: =IF(I32="","",$M$10-I32) -> 21067.815 | M32: below K3 perfs - Cont. EZSV correlation | O32: =N31-O31 -> 30.884
A33: Vam 21 HT NX | C33: 2 | D33: Bow Spring | E33: ='DECK TALLY'!B9 -> 4 | F33: =VLOOKUP(E33,'DECK TALLY'!$B$6:$C$316,2,FALSE) -> 33.9 | G33: =F33-($H$12/12) -> 33.4945 | H33: IN | I33: =IF(H33="IN",I32+G33,I32) -> 320.6795 | J33: =IF(I33="","",$M$10-I33) -> 21034.321 | M33: Remove 1 x centralizer from jt # 3
A34: Vam 21 HT NX | C34: 2 | D34: Bow Spring | E34: ='DECK TALLY'!B10 -> 5 | F34: =VLOOKUP(E34,'DECK TALLY'!$B$6:$C$316,2,FALSE) -> 33.89 | G34: =F34-($H$12/12) -> 33.4845 | H34: IN | I34: =IF(H34="IN",I33+G34,I33) -> 354.164 | J34: =IF(I34="","",$M$10-I34) -> 21000.836
A35: Vam 21 HT NX | C35: 2 | D35: Bow Spring | E35: ='DECK TALLY'!B11 -> 6 | F35: =VLOOKUP(E35,'DECK TALLY'!$B$6:$C$316,2,FALSE) -> 33.52 | G35: =F35-($H$12/12) -> 33.1145 | H35: IN | I35: =IF(H35="IN",I34+G35,I34) -> 387.2785 | J35: =IF(I35="","",$M$10-I35) -> 20967.721
A36: Vam 21 HT NX | C36: 2 | D36: Bow Spring | E36: ='DECK TALLY'!B12 -> 7 | F36: =VLOOKUP(E36,'DECK TALLY'!$B$6:$C$316,2,FALSE) -> 32.45 | G36: =F36-($H$12/12) -> 32.0445 | H36: IN | I36: =IF(H36="IN",I35+G36,I35) -> 419.323 | J36: =IF(I36="","",$M$10-I36) -> 20935.677
A37: Vam 21 HT NX | C37: 2 | D37: Bow Spring | E37: ='DECK TALLY'!B13 -> 8 | F37: =VLOOKUP(E37,'DECK TALLY'!$B$6:$C$316,2,FALSE) -> 33.77 | G37: =F37-($H$12/12) -> 33.3645 | H37: IN | I37: =IF(H37="IN",I36+G37,I36) -> 452.6875 | J37: =IF(I37="","",$M$10-I37) -> 20902.312
A38: Vam 21 HT NX | C38: 2 | D38: Bow Spring | E38: ='DECK TALLY'!B14 -> 9 | F38: =VLOOKUP(E38,'DECK TALLY'!$B$6:$C$316,2,FALSE) -> 33.4 | G38: =F38-($H$12/12) -> 32.9945 | H38: IN | I38: =IF(H38="IN",I37+G38,I37) -> 485.682 | J38: =IF(I38="","",$M$10-I38) -> 20869.318
A39: Vam 21 HT NX | C39: 2 | D39: Bow Spring | E39: ='DECK TALLY'!B15 -> 10 | F39: =VLOOKUP(E39,'DECK TALLY'!$B$6:$C$316,2,FALSE) -> 33.83 | G39: =F39-($H$12/12) -> 33.4245 | H39: IN | I39: =IF(H39="IN",I38+G39,I38) -> 519.1065 | J39: =IF(I39="","",$M$10-I39) -> 20835.893
A40: Vam 21 HT NX | C40: 2 | D40: Bow Spring | E40: ='DECK TALLY'!B16 -> 11 | F40: =VLOOKUP(E40,'DECK TALLY'!$B$6:$C$316,2,FALSE) -> 33.79 | G40: =F40-($H$12/12) -> 33.3845 | H40: IN | I40: =IF(H40="IN",I39+G40,I39) -> 552.491 | J40: =IF(I40="","",$M$10-I40) -> 20802.509
A41: Vam 21 HT NX | C41: 2 | D41: Bow Spring | E41: ='DECK TALLY'!B17 -> 12 | F41: =VLOOKUP(E41,'DECK TALLY'!$B$6:$C$316,2,FALSE) -> 33.94 | G41: =F41-($H$12/12) -> 33.5345 | H41: IN | I41: =IF(H41="IN",I40+G41,I40) -> 586.0255 | J41: =IF(I41="","",$M$10-I41) -> 20768.975
A42: Vam 21 HT NX | C42: 2 | D42: Bow Spring | E42: ='DECK TALLY'!B18 -> 13 | F42: =VLOOKUP(E42,'DECK TALLY'!$B$6:$C$316,2,FALSE) -> 33.85 | G42: =F42-($H$12/12) -> 33.4445 | H42: IN | I42: =IF(H42="IN",I41+G42,I41) -> 619.47 | J42: =IF(I42="","",$M$10-I42) -> 20735.53
A43: Vam 21 HT NX | C43: 2 | D43: Bow Spring | E43: ='DECK TALLY'!B19 -> 14 | F43: =VLOOKUP(E43,'DECK TALLY'!$B$6:$C$316,2,FALSE) -> 33.55 | G43: =F43-($H$12/12) -> 33.1445 | H43: IN | I43: =IF(H43="IN",I42+G43,I42) -> 652.6145 | J43: =IF(I43="","",$M$10-I43) -> 20702.386
A44: Vam 21 HT NX | C44: 2 | D44: Bow Spring | E44: ='DECK TALLY'!B20 -> 15 | F44: =VLOOKUP(E44,'DECK TALLY'!$B$6:$C$316,2,FALSE) -> 33.58 | G44: =F44-($H$12/12) -> 33.1745 | H44: IN | I44: =IF(H44="IN",I43+G44,I43) -> 685.789 | J44: =IF(I44="","",$M$10-I44) -> 20669.211
A45: Vam 21 HT NX | C45: 2 | D45: Bow Spring | E45: ='DECK TALLY'!B21 -> 16 | F45: =VLOOKUP(E45,'DECK TALLY'!$B$6:$C$316,2,FALSE) -> 33.71 | G45: =F45-($H$12/12) -> 33.3045 | H45: IN | I45: =IF(H45="IN",I44+G45,I44) -> 719.0935 | J45: =IF(I45="","",$M$10-I45) -> 20635.907
... A48: Vam 21 HT NX | C48: 2 | D48: Bow Spring | E48: ='DECK TALLY'!B24 -> 19 | F48: =VLOOKUP(E48,'DECK TALLY'!$B$6:$C$316,2,FALSE) -> 33.95 | G48: =F48-($H$12/12) -> 33.5445 | H48: IN | I48: =IF(H48="IN",I47+G48,I47) -> 819.727 | J48: =IF(I48="","",$M$10-I48) -> 20535.273
A49: Vam 21 HT NX | C49: 2 | D49: Bow Spring | E49: ='DECK TALLY'!B25 -> 20 | F49: =VLOOKUP(E49,'DECK TALLY'!$B$6:$C$316,2,FALSE) -> 33.79 | G49: =F49-($H$12/12) -> 33.3845 | H49: OUT | I49: =IF(H49="IN",I48+G49,I48) -> 819.727 | J49: =IF(I49="","",$M$10-I49) -> 20535.273 | M49: Damaged- Rejected
A50: Vam 21 HT NX | C50: 2 | D50: Bow Spring | E50: ='DECK TALLY'!B26 -> 21 | F50: =VLOOKUP(E50,'DECK TALLY'!$B$6:$C$316,2,FALSE) -> 33.94 | G50: =F50-($H$12/12) -> 33.5345 | H50: OUT | I50: =IF(H50="IN",I49+G50,I49) -> 819.727 | J50: =IF(I50="","",$M$10-I50) -> 20535.273 | M50: Damaged- Rejected
A51: Vam 21 HT NX | C51: 2 | D51: Bow Spring | E51: ='DECK TALLY'!B27 -> 22 | F51: =VLOOKUP(E51,'DECK TALLY'!$B$6:$C$316,2,FALSE) -> 33.95 | G51: =F51-($H$12/12) -> 33.5445 | H51: IN | I51: =IF(H51="IN",I50+G51,I50) -> 853.2715 | J51: =IF(I51="","",$M$10-I51) -> 20501.729
A52: Vam 21 HT NX | C52: 2 | D52: Bow Spring | E52: ='DECK TALLY'!B28 -> 23 | F52: =VLOOKUP(E52,'DECK TALLY'!$B$6:$C$316,2,FALSE) -> 33.72 | G52: =F52-($H$12/12) -> 33.3145 | H52: IN | I52: =IF(H52="IN",I51+G52,I51) -> 886.586 | J52: =IF(I52="","",$M$10-I52) -> 20468.414
A53: Vam 21 HT NX | C53: 2 | D53: Bow Spring | E53: ='DECK TALLY'!B29 -> 24 | F53: =VLOOKUP(E53,'DECK TALLY'!$B$6:$C$316,2,FALSE) -> 33.67 | G53: =F53-($H$12/12) -> 33.2645 | H53: IN | I53: =IF(H53="IN",I52+G53,I52) -> 919.8505 | J53: =IF(I53="","",$M$10-I53) -> 20435.149
A54: Vam 21 HT NX | C54: 2 | D54: Bow Spring | E54: ='DECK TALLY'!B30 -> 25 | F54: =VLOOKUP(E54,'DECK TALLY'!$B$6:$C$316,2,FALSE) -> 33.95 | G54: =F54-($H$12/12) -> 33.5445 | H54: IN | I54: =IF(H54="IN",I53+G54,I53) -> 953.395 | J54: =IF(I54="","",$M$10-I54) -> 20401.605
A55: Vam 21 HT NX | C55: 2 | D55: Bow Spring | E55: ='DECK TALLY'!B31 -> 26 | F55: =VLOOKUP(E55,'DECK TALLY'!$B$6:$C$316,2,FALSE) -> 33.9 | G55: =F55-($H$12/12) -> 33.4945 | H55: IN | I55: =IF(H55="IN",I54+G55,I54) -> 986.8895 | J55: =IF(I55="","",$M$10-I55) -> 20368.11
A56: Vam 21 HT NX | C56: 2 | D56: Bow Spring | E56: ='DECK TALLY'!B32 -> 27 | F56: =VLOOKUP(E56,'DECK TALLY'!$B$6:$C$316,2,FALSE) -> 33.9 | G56: =F56-($H$12/12) -> 33.4945 | H56: IN | I56: =IF(H56="IN",I55+G56,I55) -> 1020.384 | J56: =IF(I56="","",$M$10-I56) -> 20334.616
A57: Vam 21 HT NX | C57: 2 | D57: Bow Spring | E57: ='DECK TALLY'!B33 -> 28 | F57: =VLOOKUP(E57,'DECK TALLY'!$B$6:$C$316,2,FALSE) -> 33.9 | G57: =F57-($H$12/12) -> 33.4945 | H57: IN | I57: =IF(H57="IN",I56+G57,I56) -> 1053.8785 | J57: =IF(I57="","",$M$10-I57) -> 20301.122
A58: Vam 21 HT NX | C58: 2 | D58: Bow Spring | E58: ='DECK TALLY'!B34 -> 29 | F58: =VLOOKUP(E58,'DECK TALLY'!$B$6:$C$316,2,FALSE) -> 33.72 | G58: =F58-($H$12/12) -> 33.3145 | H58: IN | I58: =IF(H58="IN",I57+G58,I57) -> 1087.193 | J58: =IF(I58="","",$M$10-I58) -> 20267.807
A59: Vam 21 HT NX | C59: 2 | D59: Bow Spring | E59: ='DECK TALLY'!B35 -> 30 | F59: =VLOOKUP(E59,'DECK TALLY'!$B$6:$C$316,2,FALSE) -> 33.85 | G59: =F59-($H$12/12) -> 33.4445 | H59: IN | I59: =IF(H59="IN",I58+G59,I58) -> 1120.6375 | J59: =IF(I59="","",$M$10-I59) -> 20234.362
A60: Vam 21 HT NX | C60: 2 | D60: Bow Spring | E60: ='DECK TALLY'!B36 -> 31 | F60: =VLOOKUP(E60,'DECK TALLY'!$B$6:$C$316,2,FALSE) -> 33.76 | G60: =F60-($H$12/12) -> 33.3545 | H60: IN | I60: =IF(H60="IN",I59+G60,I59) -> 1153.992 | J60: =IF(I60="","",$M$10-I60) -> 20201.008
A61: Vam 21 HT NX | C61: 2 | D61: Bow Spring | E61: ='DECK TALLY'!B37 -> 32 | F61: =VLOOKUP(E61,'DECK TALLY'!$B$6:$C$316,2,FALSE) -> 33.94 | G61: =F61-($H$12/12) -> 33.5345 | H61: IN | I61: =IF(H61="IN",I60+G61,I60) -> 1187.5265 | J61: =IF(I61="","",$M$10-I61) -> 20167.474
A62: Vam 21 HT NX | C62: 2 | D62: Bow Spring | E62: ='DECK TALLY'!B38 -> 33 | F62: =VLOOKUP(E62,'DECK TALLY'!$B$6:$C$316,2,FALSE) -> 33.36 | G62: =F62-($H$12/12) -> 32.9545 | H62: IN | I62: =IF(H62="IN",I61+G62,I61) -> 1220.481 | J62: =IF(I62="","",$M$10-I62) -> 20134.519
... A91: Vam 21 HT NX | C91: 2 | D91: Bow Spring | E91: ='DECK TALLY'!B67 -> 62 | F91: =VLOOKUP(E91,'DECK TALLY'!$B$6:$C$316,2,FALSE) -> 33.13 | G91: =F91-($H$12/12) -> 32.7245 | H91: IN | I91: =IF(H91="IN",I90+G91,I90) -> 2177.9815 | J91: =IF(I91="","",$M$10-I91) -> 19177.018
A92: Vam 21 HT NX | C92: 2 | D92: Bow Spring | E92: ='DECK TALLY'!B68 -> 63 | F92: =VLOOKUP(E92,'DECK TALLY'!$B$6:$C$316,2,FALSE) -> 33.97 | G92: =F92-($H$12/12) -> 33.5645 | H92: IN | I92: =IF(H92="IN",I91+G92,I91) -> 2211.546 | J92: =IF(I92="","",$M$10-I92) -> 19143.454 | M92: PIP TAG # 6 ON JT# 65 | O92: Pip Tag Proposed Depth
A93: Vam 21 HT NX | C93: 2 | D93: Bow Spring | E93: ='DECK TALLY'!B69 -> 64 | F93: =VLOOKUP(E93,'DECK TALLY'!$B$6:$C$316,2,FALSE) -> 33.57 | G93: =F93-($H$12/12) -> 33.1645 | H93: IN | I93: =IF(H93="IN",I92+G93,I92) -> 2244.7105 | J93: =IF(I93="","",$M$10-I93) -> 19110.289 | K93: Primary setting depth | M93: PIP TAG # 6 INSTALLED 4 ft FROM PIN END
A94: 20ft Pup Joint | C94: 1 | D94: Bow Spring | E94: ='DECK TALLY'!F8 -> P 3 | F94: ='DECK TALLY'!G8 -> 20.22 | G94: =F94-($H$12/12) -> 19.8145 | H94: IN | I94: =IF(H94="IN",I93+G94,I93) -> 2264.525 | J94: =IF(I94="","",$M$10-I94) -> 19090.475 | M94: Pip Tag DEPTH : | N94: =SUM(J94-4) -> 19086.475 | O94: 19058
A95: Vam 21 HT NX | C95: 2 | D95: Bow Spring | E95: ='DECK TALLY'!B70 -> 65 | F95: =VLOOKUP(E95,'DECK TALLY'!$B$6:$C$316,2,FALSE) -> 33.96 | G95: =F95-($H$12/12) -> 33.5545 | H95: IN | I95: =IF(H95="IN",I94+G95,I94) -> 2298.0795 | J95: =IF(I95="","",$M$10-I95) -> 19056.921 | K95: Backup setting depth | M95: below K2 perfs - Torcplug correlation | O95: =N94-O94 -> 28.475
A96: Vam 21 HT NX | C96: 1 | D96: Bow Spring | E96: ='DECK TALLY'!B71 -> 66 | F96: =VLOOKUP(E96,'DECK TALLY'!$B$6:$C$316,2,FALSE) -> 33.94 | G96: =F96-($H$12/12) -> 33.5345 | H96: IN | I96: =IF(H96="IN",I95+G96,I95) -> 2331.614 | J96: =IF(I96="","",$M$10-I96) -> 19023.386 | M96: Remove 1 x centralizer from jt # 66
A97: Vam 21 HT NX | C97: 2 | D97: Bow Spring | E97: ='DECK TALLY'!B72 -> 67 | F97: =VLOOKUP(E97,'DECK TALLY'!$B$6:$C$316,2,FALSE) -> 33.94 | G97: =F97-($H$12/12) -> 33.5345 | H97: IN | I97: =IF(H97="IN",I96+G97,I96) -> 2365.1485 | J97: =IF(I97="","",$M$10-I97) -> 18989.852
A98: Vam 21 HT NX | C98: 2 | D98: Bow Spring | E98: ='DECK TALLY'!B73 -> 68 | F98: =VLOOKUP(E98,'DECK TALLY'!$B$6:$C$316,2,FALSE) -> 33.94 | G98: =F98-($H$12/12) -> 33.5345 | H98: IN | I98: =IF(H98="IN",I97+G98,I97) -> 2398.683 | J98: =IF(I98="","",$M$10-I98) -> 18956.317
A99: Vam 21 HT NX | C99: 2 | D99: Bow Spring | E99: ='DECK TALLY'!B74 -> 69 | F99: =VLOOKUP(E99,'DECK TALLY'!$B$6:$C$316,2,FALSE) -> 33.94 | G99: =F99-($H$12/12) -> 33.5345 | H99: IN | I99: =IF(H99="IN",I98+G99,I98) -> 2432.2175 | J99: =IF(I99="","",$M$10-I99) -> 18922.783
A100: Vam 21 HT NX | C100: 2 | D100: Bow Spring | E100: ='DECK TALLY'!B75 -> 70 | F100: =VLOOKUP(E100,'DECK TALLY'!$B$6:$C$316,2,FALSE) -> 33.76 | G100: =F100-($H$12/12) -> 33.3545 | H100: IN | I100: =IF(H100="IN",I99+G100,I99) -> 2465.572 | J100: =IF(I100="","",$M$10-I100) -> 18889.428
A101: Vam 21 HT NX | C101: 2 | D101: Bow Spring | E101: ='DECK TALLY'!B76 -> 71 | F101: =VLOOKUP(E101,'DECK TALLY'!$B$6:$C$316,2,FALSE) -> 33.57 | G101: =F101-($H$12/12) -> 33.1645 | H101: IN | I101: =IF(H101="IN",I100+G101,I100) -> 2498.7365 | J101: =IF(I101="","",$M$10-I101) -> 18856.264
A102: Vam 21 HT NX | C102: 2 | D102: Bow Spring | E102: ='DECK TALLY'!B77 -> 72 | F102: =VLOOKUP(E102,'DECK TALLY'!$B$6:$C$316,2,FALSE) -> 33.8 | G102: =F102-($H$12/12) -> 33.3945 | H102: IN | I102: =IF(H102="IN",I101+G102,I101) -> 2532.131 | J102: =IF(I102="","",$M$10-I102) -> 18822.869
A103: Vam 21 HT NX | C103: 2 | D103: Bow Spring | E103: ='DECK TALLY'!B78 -> 73 | F103: =VLOOKUP(E103,'DECK TALLY'!$B$6:$C$316,2,FALSE) -> 33.58 | G103: =F103-($H$12/12) -> 33.1745 | H103: IN | I103: =IF(H103="IN",I102+G103,I102) -> 2565.3055 | J103: =IF(I103="","",$M$10-I103) -> 18789.694
A104: Vam 21 HT NX | C104: 2 | D104: Bow Spring | E104: ='DECK TALLY'!B79 -> 74 | F104: =VLOOKUP(E104,'DECK TALLY'!$B$6:$C$316,2,FALSE) -> 33.94 | G104: =F104-($H$12/12) -> 33.5345 | H104: IN | I104: =IF(H104="IN",I103+G104,I103) -> 2598.84 | J104: =IF(I104="","",$M$10-I104) -> 18756.16
A105: Vam 21 HT NX | C105: 2 | D105: Bow Spring | E105: ='DECK TALLY'!B80 -> 75 | F105: =VLOOKUP(E105,'DECK TALLY'!$B$6:$C$316,2,FALSE) -> 33.67 | G105: =F105-($H$12/12) -> 33.2645 | H105: IN | I105: =IF(H105="IN",I104+G105,I104) -> 2632.1045 | J105: =IF(I105="","",$M$10-I105) -> 18722.895
A106: Vam 21 HT NX | C106: 2 | D106: Bow Spring | E106: ='DECK TALLY'!B81 -> 76 | F106: =VLOOKUP(E106,'DECK TALLY'!$B$6:$C$316,2,FALSE) -> 33.5 | G106: =F106-($H$12/12) -> 33.0945 | H106: IN | I106: =IF(H106="IN",I105+G106,I105) -> 2665.199 | J106: =IF(I106="","",$M$10-I106) -> 18689.801
A107: Vam 21 HT NX | C107: 2 | D107: Bow Spring | E107: ='DECK TALLY'!B82 -> 77 | F107: =VLOOKUP(E107,'DECK TALLY'!$B$6:$C$316,2,FALSE) -> 33.94 | G107: =F107-($H$12/12) -> 33.5345 | H107: IN | I107: =IF(H107="IN",I106+G107,I106) -> 2698.7335 | J107: =IF(I107="","",$M$10-I107) -> 18656.266
A108: Vam 21 HT NX | C108: 2 | D108: Bow Spring | E108: ='DECK TALLY'!B83 -> 78 | F108: =VLOOKUP(E108,'DECK TALLY'!$B$6:$C$316,2,FALSE) -> 33.21 | G108: =F108-($H$12/12) -> 32.8045 | H108: IN | I108: =IF(H108="IN",I107+G108,I107) -> 2731.538 | J108: =IF(I108="","",$M$10-I108) -> 18623.462
... A112: Vam 21 HT NX | C112: 2 | D112: Bow Spring | E112: ='DECK TALLY'!B87 -> 82 | F112: =VLOOKUP(E112,'DECK TALLY'!$B$6:$C$316,2,FALSE) -> 33.94 | G112: =F112-($H$12/12) -> 33.5345 | H112: IN | I112: =IF(H112="IN",I111+G112,I111) -> 2865.676 | J112: =IF(I112="","",$M$10-I112) -> 18489.324
A113: Vam 21 HT NX | C113: 2 | D113: Bow Spring | E113: ='DECK TALLY'!B88 -> 83 | F113: =VLOOKUP(E113,'DECK TALLY'!$B$6:$C$316,2,FALSE) -> 33.94 | G113: =F113-($H$12/12) -> 33.5345 | H113: IN | I113: =IF(H113="IN",I112+G113,I112) -> 2899.2105 | J113: =IF(I113="","",$M$10-I113) -> 18455.789 | P113: `
A114: Vam 21 HT NX | C114: 2 | D114: Bow Spring | E114: ='DECK TALLY'!B89 -> 84 | F114: =VLOOKUP(E114,'DECK TALLY'!$B$6:$C$316,2,FALSE) -> 33.95 | G114: =F114-($H$12/12) -> 33.5445 | H114: IN | I114: =IF(H114="IN",I113+G114,I113) -> 2932.755 | J114: =IF(I114="","",$M$10-I114) -> 18422.245
A115: Vam 21 HT NX | C115: 2 | D115: Bow Spring | E115: ='DECK TALLY'!B90 -> 85 | F115: =VLOOKUP(E115,'DECK TALLY'!$B$6:$C$316,2,FALSE) -> 33.95 | G115: =F115-($H$12/12) -> 33.5445 | H115: IN | I115: =IF(H115="IN",I114+G115,I114) -> 2966.2995 | J115: =IF(I115="","",$M$10-I115) -> 18388.7
A116: Vam 21 HT NX | C116: 2 | D116: Bow Spring | E116: ='DECK TALLY'!B91 -> 86 | F116: =VLOOKUP(E116,'DECK TALLY'!$B$6:$C$316,2,FALSE) -> 33.95 | G116: =F116-($H$12/12) -> 33.5445 | H116: IN | I116: =IF(H116="IN",I115+G116,I115) -> 2999.844 | J116: =IF(I116="","",$M$10-I116) -> 18355.156
A117: Vam 21 HT NX | C117: 2 | D117: Bow Spring | E117: ='DECK TALLY'!B92 -> 87 | F117: =VLOOKUP(E117,'DECK TALLY'!$B$6:$C$316,2,FALSE) -> 33.68 | G117: =F117-($H$12/12) -> 33.2745 | H117: IN | I117: =IF(H117="IN",I116+G117,I116) -> 3033.1185 | J117: =IF(I117="","",$M$10-I117) -> 18321.881
A118: Vam 21 HT NX | C118: 2 | D118: Bow Spring | E118: ='DECK TALLY'!B93 -> 88 | F118: =VLOOKUP(E118,'DECK TALLY'!$B$6:$C$316,2,FALSE) -> 33.77 | G118: =F118-($H$12/12) -> 33.3645 | H118: IN | I118: =IF(H118="IN",I117+G118,I117) -> 3066.483 | J118: =IF(I118="","",$M$10-I118) -> 18288.517
A119: Vam 21 HT NX | C119: 2 | D119: Bow Spring | E119: ='DECK TALLY'!B94 -> 89 | F119: =VLOOKUP(E119,'DECK TALLY'!$B$6:$C$316,2,FALSE) -> 32.4 | G119: =F119-($H$12/12) -> 31.9945 | H119: IN | I119: =IF(H119="IN",I118+G119,I118) -> 3098.4775 | J119: =IF(I119="","",$M$10-I119) -> 18256.522
A120: Vam 21 HT NX | C120: 2 | D120: Bow Spring | E120: ='DECK TALLY'!B95 -> 90 | F120: =VLOOKUP(E120,'DECK TALLY'!$B$6:$C$316,2,FALSE) -> 33.95 | G120: =F120-($H$12/12) -> 33.5445 | H120: IN | I120: =IF(H120="IN",I119+G120,I119) -> 3132.022 | J120: =IF(I120="","",$M$10-I120) -> 18222.978
A121: Vam 21 HT NX | C121: 2 | D121: Bow Spring | E121: ='DECK TALLY'!B96 -> 91 | F121: =VLOOKUP(E121,'DECK TALLY'!$B$6:$C$316,2,FALSE) -> 33.81 | G121: =F121-($H$12/12) -> 33.4045 | H121: IN | I121: =IF(H121="IN",I120+G121,I120) -> 3165.4265 | J121: =IF(I121="","",$M$10-I121) -> 18189.573
A122: Vam 21 HT NX | C122: 2 | D122: Bow Spring | E122: ='DECK TALLY'!B97 -> 92 | F122: =VLOOKUP(E122,'DECK TALLY'!$B$6:$C$316,2,FALSE) -> 33.95 | G122: =F122-($H$12/12) -> 33.5445 | H122: IN | I122: =IF(H122="IN",I121+G122,I121) -> 3198.971 | J122: =IF(I122="","",$M$10-I122) -> 18156.029
A123: Vam 21 HT NX | C123: 2 | D123: Bow Spring | E123: ='DECK TALLY'!B98 -> 93 | F123: =VLOOKUP(E123,'DECK TALLY'!$B$6:$C$316,2,FALSE) -> 33.96 | G123: =F123-($H$12/12) -> 33.5545 | H123: IN | I123: =IF(H123="IN",I122+G123,I122) -> 3232.5255 | J123: =IF(I123="","",$M$10-I123) -> 18122.474
A124: Vam 21 HT NX | C124: 2 | D124: Bow Spring | E124: ='DECK TALLY'!B99 -> 94 | F124: =VLOOKUP(E124,'DECK TALLY'!$B$6:$C$316,2,FALSE) -> 33.34 | G124: =F124-($H$12/12) -> 32.9345 | H124: IN | I124: =IF(H124="IN",I123+G124,I123) -> 3265.46 | J124: =IF(I124="","",$M$10-I124) -> 18089.54
A125: Vam 21 HT NX | C125: 2 | D125: Bow Spring | E125: ='DECK TALLY'!B100 -> 95 | F125: =VLOOKUP(E125,'DECK TALLY'!$B$6:$C$316,2,FALSE) -> 33.95 | G125: =F125-($H$12/12) -> 33.5445 | H125: IN | I125: =IF(H125="IN",I124+G125,I124) -> 3299.0045 | J125: =IF(I125="","",$M$10-I125) -> 18055.995
... A153: Vam 21 HT NX | C153: 2 | D153: Bow Spring | E153: ='DECK TALLY'!B128 -> 123 | F153: =VLOOKUP(E153,'DECK TALLY'!$B$6:$C$316,2,FALSE) -> 33.95 | G153: =F153-($H$12/12) -> 33.5445 | H153: IN | I153: =IF(H153="IN",I152+G153,I152) -> 4230.9105 | J153: =IF(I153="","",$M$10-I153) -> 17124.089
A154: Vam 21 HT NX | C154: 2 | D154: Bow Spring | E154: ='DECK TALLY'!B129 -> 124 | F154: =VLOOKUP(E154,'DECK TALLY'!$B$6:$C$316,2,FALSE) -> 33.95 | G154: =F154-($H$12/12) -> 33.5445 | H154: IN | I154: =IF(H154="IN",I153+G154,I153) -> 4264.455 | J154: =IF(I154="","",$M$10-I154) -> 17090.545 | M154: Remove 1 x centralizer from jt # 126
A155: Vam 21 HT NX | C155: 2 | D155: Bow Spring | E155: ='DECK TALLY'!B130 -> 125 | F155: =VLOOKUP(E155,'DECK TALLY'!$B$6:$C$316,2,FALSE) -> 33.95 | G155: =F155-($H$12/12) -> 33.5445 | H155: IN | I155: =IF(H155="IN",I154+G155,I154) -> 4297.9995 | J155: =IF(I155="","",$M$10-I155) -> 17057 | M155: PIP TAG # 5 ON JT# 127 | O155: Pip Tag Proposed Depth
A156: Vam 21 HT NX | C156: 1 | D156: Bow Spring | E156: ='DECK TALLY'!B131 -> 126 | F156: =VLOOKUP(E156,'DECK TALLY'!$B$6:$C$316,2,FALSE) -> 33.95 | G156: =F156-($H$12/12) -> 33.5445 | H156: IN | I156: =IF(H156="IN",I155+G156,I155) -> 4331.544 | J156: =IF(I156="","",$M$10-I156) -> 17023.456 | M156: PIP TAG # 5 INSTALLED 4ft FROM PIN END
A157: Vam 21 HT NX | C157: 2 | D157: Bow Spring | E157: ='DECK TALLY'!B132 -> 127 | F157: =VLOOKUP(E157,'DECK TALLY'!$B$6:$C$316,2,FALSE) -> 33.94 | G157: =F157-($H$12/12) -> 33.5345 | H157: IN | I157: =IF(H157="IN",I156+G157,I156) -> 4365.0785 | J157: =IF(I157="","",$M$10-I157) -> 16989.921 | M157: Pip Tag DEPTH : | N157: =SUM(J156-4) -> 17019.456 | O157: 17029
A158: 10ft Pup Joint | C158: 1 | D158: Bow Spring | E158: ='DECK TALLY'!F6 -> P 1 | F158: ='DECK TALLY'!G6 -> 10.22 | G158: =F158-($H$12/12) -> 9.8145 | H158: IN | I158: =IF(H158="IN",I157+G158,I157) -> 4374.893 | J158: =IF(I158="","",$M$10-I158) -> 16980.107 | M158: above K2 perfs - CIRP perf correlations | O158: =SUM(N157-O157) -> -9.544
A159: Vam 21 HT NX | C159: 2 | D159: Bow Spring | E159: ='DECK TALLY'!B133 -> 128 | F159: =VLOOKUP(E159,'DECK TALLY'!$B$6:$C$316,2,FALSE) -> 33.94 | G159: =F159-($H$12/12) -> 33.5345 | H159: IN | I159: =IF(H159="IN",I158+G159,I158) -> 4408.4275 | J159: =IF(I159="","",$M$10-I159) -> 16946.572
A160: Vam 21 HT NX | C160: 2 | D160: Bow Spring | E160: ='DECK TALLY'!B134 -> 129 | F160: =VLOOKUP(E160,'DECK TALLY'!$B$6:$C$316,2,FALSE) -> 33.82 | G160: =F160-($H$12/12) -> 33.4145 | H160: IN | I160: =IF(H160="IN",I159+G160,I159) -> 4441.842 | J160: =IF(I160="","",$M$10-I160) -> 16913.158
A161: Vam 21 HT NX | C161: 2 | D161: Bow Spring | E161: =SUM('DECK TALLY'!B135) -> 130 | F161: =VLOOKUP(E161,'DECK TALLY'!$B$6:$C$316,2,FALSE) -> 32 | G161: =F161-($H$12/12) -> 31.5945 | H161: IN | I161: =IF(H161="IN",I160+G161,I160) -> 4473.4365 | J161: =IF(I161="","",$M$10-I161) -> 16881.563
A162: Vam 21 HT NX | C162: 2 | D162: Bow Spring | E162: =SUM('DECK TALLY'!B136) -> 131 | F162: =VLOOKUP(E162,'DECK TALLY'!$B$6:$C$316,2,FALSE) -> 33.96 | G162: =F162-($H$12/12) -> 33.5545 | H162: IN | I162: =IF(H162="IN",I161+G162,I161) -> 4506.991 | J162: =IF(I162="","",$M$10-I162) -> 16848.009
A163: Vam 21 HT NX | C163: 2 | D163: Bow Spring | E163: ='DECK TALLY'!B137 -> 132 | F163: =VLOOKUP(E163,'DECK TALLY'!$B$6:$C$316,2,FALSE) -> 33.96 | G163: =F163-($H$12/12) -> 33.5545 | H163: IN | I163: =IF(H163="IN",I162+G163,I162) -> 4540.5455 | J163: =IF(I163="","",$M$10-I163) -> 16814.454
...

Sheet Sheet1
A1: Run Number | B1: Depth of Top of Joint
A2: 1 | B2: 21154.679
A3: 20ft Pup Jt | B3: 21134.884
A4: 2 | B4: 21101.35
A5: 3 | B5: 21067.815
A6: 4 | B6: 21034.321
A7: 5 | B7: 21000.836
A8: 6 | B8: 20967.721
A9: 7 | B9: 20935.677
A10: 8 | B10: 20902.312
A11: 9 | B11: 20869.318
A12: 10 | B12: 20835.893
A13: 11 | B13: 20802.509
A14: 12 | B14: 20768.975
A15: 13 | B15: 20735.53
... A66: 64 | B66: 19110.289
A67: 20ft Pup Jt | B67: 19090.475
A68: 65 | B68: 19056.921
A69: 66 | B69: 19023.386
A70: 67 | B70: 18989.852
A71: 68 | B71: 18956.317
A72: 69 | B72: 18922.783
A73: 70 | B73: 18889.428
A74: 71 | B74: 18856.264
A75: 72 | B75: 18822.869
A76: 73 | B76: 18789.694
A77: 74 | B77: 18756.16
A78: 75 | B78: 18722.895
A79: 76 | B79: 18689.801
... A130: 127 | B130: 16989.921
A131: 10ft Pup Jt | B131: 16980.107
A132: 128 | B132: 16946.572
A133: 129 | B133: 16913.158
A134: 130 | B134: 16881.563
A135: 131 | B135: 16848.009
A136: 132 | B136: 16814.454
A137: 133 | B137: 16780.9
A138: 134 | B138: 16747.345
A139: 135 | B139: 16713.801
A140: 136 | B140: 16680.676
A141: 137 | B141: 16647.122
A142: 138 | B142: 16613.567
A143: 139 | B143: 16580.013
... A159: 155 | B159: 16047.791
A160: 20ft Pup Jt | B160: 16027.956
A161: 156 | B161: 15994.412
A162: 157 | B162: 15961.087
A163: 158 | B163: 15927.553
A164: 159 | B164: 15894.018
A165: 160 | B165: 15860.474
A166: 161 | B166: 15826.949
A167: 162 | B167: 15793.415
A168: 163 | B168: 15760.62
A169: 164 | B169: 15727.086
A170: 165 | B170: 15693.531
A171: 166 | B171: 15659.977
A172: 167 | B172: 15626.422
... A272: 267 | B272: 12287.623
A273: 10ft Pup Jt | B273: 12277.808
A274: 268 | B274: 12244.264
A275: 269 | B275: 12210.719
A276: 270 | B276: 12177.175
A277: 271 | B277: 12143.64
A278: 272 | B278: 12110.246
A279: 273 | B279: 12076.711
A280: 274 | B280: 12043.177
A281: 275 | B281: 12009.642
A282: 276 | B282: 11976.108
A283: 277 | B283: 11942.573
A284: 278 | B284: 11909.029
A285: 279 | B285: 11875.494
... A293: 287 | B293: 11610.018
A294: 7" FULL JOINT | B294: 11576.454
A295: 7" XOVER | B295: 11572.424
A296: HANGER PUP Jt | B296: 11566.511
A297: LOCATOR MANDREL | B297: 11525.356
A298: LOCATOR COUPLING | B298: 11522.666
A299: PUP JOINT | B299: 11514.736
A300: 1 | B300: 11482.084
A301: PUP Jt | B301: 11475.882
A302: MID ELEMENT | B302: 11463.882
A303: Coupling Mid element | B303: 11460.202
A304: Packer Coupling | B304: 11459.232
A305: PUP Jt | B305: 11451.632
A306: =A300+1 -> 2 | B306: 11419.01
A307: =A306+1 -> 3 | B307: 11385.873
A308: =A307+1 -> 4 | B308: 11353.256
A309: =A308+1 -> 5 | B309: 11320.374
A310: =A309+1 -> 6 | B310: 11287.207
A311: =A310+1 -> 7 | B311: 11254.125
A312: =A311+1 -> 8 | B312: 11221.278
A313: =A312+1 -> 9 | B313: 11188.491
A314: =A313+1 -> 10 | B314: 11155.569
A315: =A314+1 -> 11 | B315: 11124.132
A316: =A315+1 -> 12 | B316: 11090.935
A317: =A316+1 -> 13 | B317: 11058.338
A318: =A317+1 -> 14 | B318: 11025.681
... A617: =A616+1 -> 313 | B617: 1221.373
A618: Pup JT | B618: 1215.761
A619: 7" FC | B619: 1210.141
...

Sheet DECK TALLY
A1: hoe assemblies
B2: DECK TALLY NFQ 22-5
B4: 7" 29# VAM21HT CSG JOINTS ( 2 x Centralizers) | F4: 7" 29# VAM21HT PUP JOINTS | J4: Primary Shoe Track Assemblies | L4: NFQ 22-9
B5: Joint Num. | C5: Length (ft) | D5: Note | F5: Joint No | G5: Length (ft) | H5: Note | J5: Items | K5: Length (ft)
A6: 1 | B6: 1 | C6: 33.75 | D6: 7" 29# Vam 21 HT-NX | E6: Pip Tag # 5 | F6: P 1 | G6: 10.22 | H6: Vam 21 HT | J6: Float Shoe, DV Eccentric | K6: 3.37 | L6: QELNG-7in-FS-171-NFE
A7: =A6+1 -> 2 | B7: =B6+1 -> 2 | C7: 33.94 | D7: 7" 29# Vam 21 HT-NX | F7: P 2 | G7: 10.22 | H7: Vam 21 HT | J7: Shoe Joint | K7: 37.2
A8: =A7+1 -> 3 | B8: =B7+1 -> 3 | C8: 33.94 | D8: 7" 29# Vam 21 HT-NX | E8: Pip Tag # 3 | F8: P 3 | G8: 20.22 | H8: Vam 21 HT
A9: =A8+1 -> 4 | B9: =B8+1 -> 4 | C9: 33.9 | D9: 7" 29# Vam 21 HT-NX | E9: Pip Tag # 4 | F9: P 4 | G9: 20.24 | H9: Vam 21 HT | J9: Bttm FC Pup Joint | K9: 20.26 | L9: QELNG-7in-FC-171-NFE
A10: =A9+1 -> 5 | B10: =B9+1 -> 5 | C10: 33.89 | D10: 7" 29# Vam 21 HT-NX | E10: Pip Tag # 2 | F10: P 5 | G10: 10.22 | H10: Vam 21 HT | J10: Float Collar - DV | K10: 2.91
A11: =A10+1 -> 6 | B11: =B10+1 -> 6 | C11: 33.52 | D11: 7" 29# Vam 21 HT-NX | E11: Pip Tag # 7 | F11: P 6 | G11: 20.2 | H11: Vam 21 HT | J11: Top FC Pup Joint | K11: 19.9
A12: =A11+1 -> 7 | B12: =B11+1 -> 7 | C12: 32.45 | D12: 7" 29# Vam 21 HT-NX | F12: P 7 | G12: 20.2 | H12: Vam 21 HT
A13: =A12+1 -> 8 | B13: =B12+1 -> 8 | C13: 33.77 | D13: 7" 29# Vam 21 HT-NX | J13: Bttm Pup Joint | K13: 18.35 | L13: QELNG-7in-LC-172-NFE-VT HC
A14: =A13+1 -> 9 | B14: =B13+1 -> 9 | C14: 33.4 | D14: 7" 29# Vam 21 HT-NX | J14: LFC Landing Collar | K14: 4.41
A15: =A14+1 -> 10 | B15: =B14+1 -> 10 | C15: 33.83 | D15: 7" 29# Vam 21 HT-NX | J15: Top Pup Joint | K15: 17.47
A16: =A15+1 -> 11 | B16: =B15+1 -> 11 | C16: 33.79 | D16: 7" 29# Vam 21 HT-NX | J16: Top Crossover | K16: 5.48
A17: =A16+1 -> 12 | B17: =B16+1 -> 12 | C17: 33.94 | D17: 7" 29# Vam 21 HT-NX
A18: =A17+1 -> 13 | B18: =B17+1 -> 13 | C18: 33.85 | D18: 7" 29# Vam 21 HT-NX | J18: Full length joint with Vam Top HC Box x Pin | K18: 33.35 | L18: QELNG-7in-XO-32NFE
A19: =A18+1 -> 14 | B19: =B18+1 -> 14 | C19: 33.55 | D19: 7" 29# Vam 21 HT-NX | J19: X' over with Vam Top HC pin x Vam 21 HT box | K19: 5.35
A20: =A19+1 -> 15 | B20: =B19+1 -> 15 | C20: 33.58 | D20: 7" 29# Vam 21 HT-NX | J20: Full length joint with Vam 21HT-NX Box x Pin | K20: 33.97 | L20: QELNG-7in-XO-33 NFE
A21: =A20+1 -> 16 | B21: =B20+1 -> 16 | C21: 33.71 | D21: 7" 29# Vam 21 HT-NX | J21: X' over with VAM 21 HT pin x TSH Wedge 563 box | K21: 4.03
A22: =A21+1 -> 17 | B22: =B21+1 -> 17 | C22: 33.94 | D22: 7" 29# Vam 21 HT-NX
A23: =A22+1 -> 18 | B23: =B22+1 -> 18 | C23: 33.96 | D23: 7" 29# Vam 21 HT-NX
A24: =A23+1 -> 19 | B24: =B23+1 -> 19 | C24: 33.95 | D24: 7" 29# Vam 21 HT-NX | J24: Back up Shoe Track Assemblies
A25: =A24+1 -> 20 | B25: =B24+1 -> 20 | C25: 33.79 | D25: 7" 29# Vam 21 HT-NX | J25: Items | K25: Length (ft)
A26: =A25+1 -> 21 | B26: =B25+1 -> 21 | C26: 33.94 | D26: 7" 29# Vam 21 HT-NX | J26: Float Shoe, DV Eccentric | L26: QELNG-7in-FS -174 -NFE
A27: =A26+1 -> 22 | B27: =B26+1 -> 22 | C27: 33.95 | D27: 7" 29# Vam 21 HT-NX | J27: Shoe Joint
A28: =A27+1 -> 23 | B28: =B27+1 -> 23 | C28: 33.72 | D28: 7" 29# Vam 21 HT-NX
A29: =A28+1 -> 24 | B29: =B28+1 -> 24 | C29: 33.67 | D29: 7" 29# Vam 21 HT-NX | J29: Bttm FC Pup Joint | L29: QELNG-7in-FC -174 -NFE
A30: =A29+1 -> 25 | B30: =B29+1 -> 25 | C30: 33.95 | D30: 7" 29# Vam 21 HT-NX | J30: Float Collar - DV
A31: =A30+1 -> 26 | B31: =B30+1 -> 26 | C31: 33.9 | D31: 7" 29# Vam 21 HT-NX | J31: Top FC Pup Joint
A32: =A31+1 -> 27 | B32: =B31+1 -> 27 | C32: 33.9 | D32: 7" 29# Vam 21 HT-NX
A33: =A32+1 -> 28 | B33: =B32+1 -> 28 | C33: 33.9 | D33: 7" 29# Vam 21 HT-NX | J33: Bttm Pup Joint | L33: QELNG-7in-LC-174-NFE VTHC
A34: =A33+1 -> 29 | B34: =B33+1 -> 29 | C34: 33.72 | D34: 7" 29# Vam 21 HT-NX | J34: LFC Landing Collar
A35: =A34+1 -> 30 | B35: =B34+1 -> 30 | C35: 33.85 | D35: 7" 29# Vam 21 HT-NX | J35: Top Pup Joint
A36: =A35+1 -> 31 | B36: =B35+1 -> 31 | C36: 33.76 | D36: 7" 29# Vam 21 HT-NX | J36: Top Crossover
A37: =A36+1 -> 32 | B37: =B36+1 -> 32 | C37: 33.94 | D37: 7" 29# Vam 21 HT-NX
A38: =A37+1 -> 33 | B38: =B37+1 -> 33 | C38: 33.36 | D38: 7" 29# Vam 21 HT-NX
A39: =A38+1 -> 34 | B39: =B38+1 -> 34 | C39: 33.94 | D39: 7" 29# Vam 21 HT-NX
A40: =A39+1 -> 35 | B40: =B39+1 -> 35 | C40: 32.4 | D40: 7" 29# Vam 21 HT-NX
A41: =A40+1 -> 36 | B41: =B40+1 -> 36 | C41: 33.93 | D41: 7" 29# Vam 21 HT-NX
A42: =A41+1 -> 37 | B42: =B41+1 -> 37 | C42: 32.89 | D42: 7" 29# Vam 21 HT-NX
A43: =A42+1 -> 38 | B43: =B42+1 -> 38 | C43: 33.94 | D43: 7" 29# Vam 21 HT-NX
A44: =A43+1 -> 39 | B44: =B43+1 -> 39 | C44: 33.93 | D44: 7" 29# Vam 21 HT-NX
A45: =A44+1 -> 40 | B45: =B44+1 -> 40 | C45: 32.08 | D45: 7" 29# Vam 21 HT-NX
A46: =A45+1 -> 41 | B46: =B45+1 -> 41 | C46: 33.93 | D46: 7" 29# Vam 21 HT-NX
A47: =A46+1 -> 42 | B47: =B46+1 -> 42 | C47: 33.94 | D47: 7" 29# Vam 21 HT-NX
A48: =A47+1 -> 43 | B48: =B47+1 -> 43 | C48: 33.94 | D48: 7" 29# Vam 21 HT-NX
... A149: =A148+1 -> 144 | B149: =B148+1 -> 144 | C149: 33.64 | D149: 7" 29# Vam 21 HT-NX
B150: =B149+1 -> 145 | C150: 33.38 | D150: 7" 29# Vam 21 HT-NX
A151: =A149+1 -> 145 | B151: =B150+1 -> 146 | C151: 33.94 | D151: 7" 29# Vam 21 HT-NX
A152: =A151+1 -> 146 | B152: =B151+1 -> 147 | C152: 33.75 | D152: 7" 29# Vam 21 HT-NX
A153: =A152+1 -> 147 | B153: =B152+1 -> 148 | C153: 33.94 | D153: 7" 29# Vam 21 HT-NX
A154: =A153+1 -> 148 | B154: =B153+1 -> 149 | C154: 33.94 | D154: 7" 29# Vam 21 HT-NX
A155: =A154+1 -> 149 | B155: =B154+1 -> 150 | C155: 33.81 | D155: 7" 29# Vam 21 HT-NX
A156: =A155+1 -> 150 | B156: =B155+1 -> 151 | C156: 33.83 | D156: 7" 29# Vam 21 HT-NX
A157: =A156+1 -> 151 | B157: =B156+1 -> 152 | C157: 32.03 | D157: 7" 29# Vam 21 HT-NX
A158: =A157+1 -> 152 | B158: =B157+1 -> 153 | C158: 33.94 | D158: 7" 29# Vam 21 HT-NX
A159: =A158+1 -> 153 | B159: =B158+1 -> 154 | C159: 33.94 | D159: 7" 29# Vam 21 HT-NX
A160: =A159+1 -> 154 | B160: =B159+1 -> 155 | C160: 33.6 | D160: 7" 29# Vam 21 HT-NX
A161: =A160+1 -> 155 | B161: =B160+1 -> 156 | C161: 33.95 | D161: 7" 29# Vam 21 HT-NX
A162: =A161+1 -> 156 | B162: =B161+1 -> 157 | C162: 33.73 | D162: 7" 29# Vam 21 HT-NX
A163: =A162+1 -> 157 | B163: =B162+1 -> 158 | C163: 33.94 | D163: 7" 29# Vam 21 HT-NX
... A311: =A310+1 -> 305 | B311: =B310+1 -> 306 | C311: 33.95 | D311: 7" 29# Vam 21 HT-NX
A312: =A311+1 -> 306 | B312: =B311+1 -> 307 | D312: 7" 29# Vam 21 HT-NX
A313: =A312+1 -> 307 | B313: =B312+1 -> 308 | D313: 7" 29# Vam 21 HT-NX
A314: =A313+1 -> 308 | B314: =B313+1 -> 309 | D314: 7" 29# Vam 21 HT-NX
A315: =A314+1 -> 309 | B315: =B314+1 -> 310 | D315: 7" 29# Vam 21 HT-NX
A316: =A315+1 -> 310 | B316: =B315+1 -> 311 | D316: 7" 29# Vam 21 HT-NX
A317: =A316+1 -> 311 | B317: =B316+1 -> 312
A318: =A317+1 -> 312 | B318: =B317+1 -> 313
A319: =A318+1 -> 313 | B319: =B318+1 -> 314
A320: =A319+1 -> 314 | B320: =B319+1 -> 315
A321: =A320+1 -> 315 | B321: =B320+1 -> 316
A322: =A321+1 -> 316 | B322: =B321+1 -> 317
A323: =A322+1 -> 317 | B323: =B322+1 -> 318
A324: =A323+1 -> 318 | B324: =B323+1 -> 319
A325: =A324+1 -> 319 | B325: =B324+1 -> 320
A326: =A325+1 -> 320 | B326: =B325+1 -> 321
A327: =A326+1 -> 321 | B327: =B326+1 -> 322
A328: =A327+1 -> 322 | B328: =B327+1 -> 323
... A343: =A342+1 -> 337 | B343: =B342+1 -> 338

Sheet Sheet2
