Workbook
Name ___add1: '[1]Well-20'!#REF!
Name ___add2: '[1]Well-20'!#REF!
Name ___add3: '[1]Well-20'!#REF!
Name ___add4: '[1]Well-20'!#REF!
Name ___add5: '[1]Well-20'!#REF!
Name ___add6: '[1]Well-20'!#REF!
Name ___add7: '[1]Well-20'!#REF!
Name ___add8: '[1]Well-20'!#REF!
Name ___add9: '[1]Well-20'!#REF!
Name ___cem20: '[1]Well-20'!#REF!
Name ___cem30: '[1]Well-20'!#REF!
Name ___tot13: #REF!
Name ___tot30: #REF!
Name ___tot7: #REF!
Name ___tot9: #REF!
Name ___xs20: #REF!
Name __add1: '[1]Well-20'!#REF!
Name __add2: '[1]Well-20'!#REF!
Name __add3: '[1]Well-20'!#REF!
Name __add4: '[1]Well-20'!#REF!
Name __add5: '[1]Well-20'!#REF!
Name __add6: '[1]Well-20'!#REF!
Name __add7: '[1]Well-20'!#REF!
Name __add8: '[1]Well-20'!#REF!
Name __add9: '[1]Well-20'!#REF!
Name __cem20: '[1]Well-20'!#REF!
Name __cem30: '[1]Well-20'!#REF!
Name __NFQ6: #REF!
Name __tot13: #REF!
Name __tot30: #REF!
Name __tot7: #REF!
Name __tot9: #REF!
Name __xs20: #REF!
Name _58_D124_bwoc: NA()
Name _58_D124_bwoc_1: NA()
Name _58_XE825_bwoc: NA()
Name _58_XE825_bwoc_1: NA()
Name _add1: NA()
Name _add1_1: NA()
Name _add2: NA()
Name _add2_1: NA()
Name _add3: NA()
Name _add3_1: NA()
Name _add4: NA()
Name _add4_1: NA()
Name _add5: NA()
Name _add5_1: NA()
Name _add6: NA()
Name _add6_1: NA()
Name _add7: NA()
Name _add7_1: NA()
Name _add8: NA()
Name _add8_1: NA()
Name _add9: NA()
Name _add9_1: NA()
Name _cem20: NA()
Name _cem20_1: NA()
Name _cem30: NA()
Name _cem30_1: NA()
Name _Fill: NA()

Sheet xxxxxx

Sheet Liner Tally NFQ22-2
I2: Baker Hughes | L2: Final As Run
I3: 7" LINER TALLY
D5: Tension: | E5: 929 | G5: Well: | H5: NFQ22-2 | K5: Date: | L5: 44369
D6: Burst: | E6: 11540 | G6: Rig: | H6: Lovanda | K6: QE LNG Representative: | L6: Logan /Graham / Faouzi
D7: Collapse: | E7: 8530 | G7: Liner Run # : | H7: 1 | K7: Baker Representative: | L7: Nurlan / El-Sayaad
D8: Casing Size: | E8: 7 | G8: Block Weight: | H8: 85 | K8: 7" Shoe Depth: | L8: =L9-9.42 -> 19728.58
D9: Weight: | E9: 29 | G9: Mud Weight: | H9: 12.3 | K9: Total Depth: | L9: 19738 | Q9: 19818
D10: Grade: | E10: SM2535-110 | G10: Bouyancy Factor: | H10: =(65.45-H9)/65.45 -> 0.81207028 | K10: Rat Hole: | L10: 10
D11: Make Up Loss: | E11: 4.866 | G11: Casing ID: | H11: 6.25 | K11: 7" Liner Top: | L11: =J336 -> 9869.244
D12: Drift: | E12: 6.059 | G12: Connection: | H12: VAM 21 HT NX | K12: 9-5/8" Shoe: | L12: 10121.55
D13: Centralizers: | E13: =SUM(C17:C317) -> 578 | G13: Centralizer Type: | H13: Red-X Bow Spring | K13: 9-5/8" x 10-3/4" Crossover: | L13: 1350.24
B15: JOINTS | C15: CENTRALIZERS/DESC | E15: JOINT | F15: JOINT | G15: EFFECTIVE | H15: JOINT | I15: TOTAL | J15: DEPTH OF | K15: EST STRG | L15: COMMENTS
B16: RUN | C16: NO | D16: TYPE | E16: NUMBER | F16: LENGTH | G16: LENGTH | H16: IN/OUT | I16: LENGTH | J16: TOP OF JT | K16: WEIGHT
B17: QELNG-7in-FS-177-NFE | C17: - | D17: Float Shoe - DV | F17: 3.37 | G17: =F17 -> 3.37 | H17: =IF(F17="","OUT","IN") -> IN | I17: =G17 -> 3.37 | J17: =L8-G17 -> 19725.21 | K17: =$H$8+(I17*$E$9*$H$10/1000) -> 85.079364 | L17: DV Float Shoe: SN:112201-112225-10 PN: H100950451GRG1
C18: 2 | D18: Shoe Joint | F18: 36.2 | G18: =F18 -> 36.2 | H18: =IF(F18="","OUT","IN") -> IN | I18: =IF(H18="IN",I17+G18,I17) -> 39.57 | J18: =IF(I18="","",$L$8-I18) -> 19689.01 | K18: =$H$8+(I18*$E$9*$H$10/1000) -> 85.931875
B19: QELNG-7in-FC-177-NFE | C19: 1 | D19: FC Pup Joint | F19: 20.24 | G19: =F19-(4.05/12) -> 19.9025 | H19: =IF(F19="","OUT","IN") -> IN | I19: =IF(H19="IN",I18+G19,I18) -> 59.4725 | J19: =IF(I19="","",$L$8-I19) -> 19669.108 | K19: =$H$8+(I19*$E$9*$H$10/1000) -> 86.40058 | L19: DV Float Collar: PN: H101890295GRG1 SN: 112200-112222-11
C20: - | D20: Float Collar - DV | F20: 2.91 | G20: =F20 -> 2.91 | H20: =IF(F20="","OUT","IN") -> IN | I20: =IF(H20="IN",I19+G20,I19) -> 62.3825 | J20: =IF(I20="","",$L$8-I20) -> 19666.198 | K20: =$H$8+(I20*$E$9*$H$10/1000) -> 86.46911
C21: 1 | D21: FC Pup Joint | F21: 19.91 | G21: =F21 -> 19.91 | H21: =IF(F21="","OUT","IN") -> IN | I21: =IF(H21="IN",I20+G21,I20) -> 82.2925 | J21: =IF(I21="","",$L$8-I21) -> 19646.288 | K21: =$H$8+(I21*$E$9*$H$10/1000) -> 86.937992
B22: QELNG-7in-LC-182-NFE-VT-21 | C22: 1 | D22: Pup Joint | F22: 20.24 | G22: =F22-(4.05/12) -> 19.9025 | H22: =IF(F22="","OUT","IN") -> IN | I22: =IF(H22="IN",I21+G22,I21) -> 102.195 | J22: =IF(I22="","",$L$8-I22) -> 19626.385 | K22: =$H$8+(I22*$E$9*$H$10/1000) -> 87.406696 | L22: LFC Landing Collar: PN: H274120438GRG1 SN:108656272-03
C23: - | D23: LFC Landing Collar | F23: 4.41 | G23: =F23 -> 4.41 | H23: =IF(F23="","OUT","IN") -> IN | I23: =IF(H23="IN",I22+G23,I22) -> 106.605 | J23: =IF(I23="","",$L$8-I23) -> 19621.975 | K23: =$H$8+(I23*$E$9*$H$10/1000) -> 87.510552
C24: 1 | D24: Pup Joint | F24: 19.91 | G24: =F24 -> 19.91 | H24: =IF(F24="","OUT","IN") -> IN | I24: =IF(H24="IN",I23+G24,I23) -> 126.515 | J24: =IF(I24="","",$L$8-I24) -> 19602.065 | K24: =$H$8+(I24*$E$9*$H$10/1000) -> 87.979433
D25: X-Over TSH x VAM | F25: 3.89 | G25: =F25 -> 3.89 | H25: =IF(F25="","OUT","IN") -> IN | I25: =IF(H25="IN",I24+G25,I24) -> 130.405 | J25: =IF(I25="","",$L$8-I25) -> 19598.175 | K25: =$H$8+(I25*$E$9*$H$10/1000) -> 88.071043
B26: 1 | C26: 2 | D26: 7" 29# CSG | E26: 1 | F26: =VLOOKUP(E26,'Deck Tally'!$B$5:$C$274,2,0) -> 33.955 | G26: =F26-($E$11/12) -> 33.5495 | H26: IN | I26: =IF(H26="IN",I25+G26,I25) -> 163.9545 | J26: =IF(I26="","",$L$8-I26) -> 19564.626 | K26: =$H$8+(I26*$E$9*$H$10/1000) -> 88.861135 | L26: **BakerLok first 3ea connections
B27: =B26+1 -> 2 | C27: 2 | D27: 7" 29# CSG | E27: 2 | F27: =VLOOKUP(E27,'Deck Tally'!$B$5:$C$274,2,0) -> 33.94 | G27: =F27-($E$11/12) -> 33.5345 | H27: IN | I27: =IF(H27="IN",I26+G27,I26) -> 197.489 | J27: =IF(I27="","",$L$8-I27) -> 19531.091 | K27: =$H$8+(I27*$E$9*$H$10/1000) -> 89.650873
B28: =B27+1 -> 3 | C28: 2 | D28: 7" 29# CSG | E28: 3 | F28: =VLOOKUP(E28,'Deck Tally'!$B$5:$C$274,2,0) -> 32.78 | G28: =F28-($E$11/12) -> 32.3745 | H28: IN | I28: =IF(H28="IN",I27+G28,I27) -> 229.8635 | J28: =IF(I28="","",$L$8-I28) -> 19498.717 | K28: =$H$8+(I28*$E$9*$H$10/1000) -> 90.413294
B29: =B28+1 -> 4 | C29: 2 | D29: 7" 29# CSG | E29: 4 | F29: =VLOOKUP(E29,'Deck Tally'!$B$5:$C$274,2,0) -> 33.945 | G29: =F29-($E$11/12) -> 33.5395 | H29: IN | I29: =IF(H29="IN",I28+G29,I28) -> 263.403 | J29: =IF(I29="","",$L$8-I29) -> 19465.177 | K29: =$H$8+(I29*$E$9*$H$10/1000) -> 91.203151
B30: =B29+1 -> 5 | C30: 2 | D30: 7" 29# CSG | E30: 5 | F30: =VLOOKUP(E30,'Deck Tally'!$B$5:$C$274,2,0) -> 33.675 | G30: =F30-($E$11/12) -> 33.2695 | H30: IN | I30: =IF(H30="IN",I29+G30,I29) -> 296.6725 | J30: =IF(I30="","",$L$8-I30) -> 19431.908 | K30: =$H$8+(I30*$E$9*$H$10/1000) -> 91.986649
C31: 1 | D31: 20 ft PUP | E31: PJ 1 | F31: 20.22 | G31: =F31-($E$11/12) -> 19.8145 | H31: IN | I31: =IF(H31="IN",I30+G31,I30) -> 316.487 | J31: =IF(I31="","",$L$8-I31) -> 19412.093 | K31: =$H$8+(I31*$E$9*$H$10/1000) -> 92.453281 | L31: Planned PIP @ 19420 ft
B32: =B30+1 -> 6 | C32: 2 | D32: 7" 29# CSG | E32: 6 | F32: =VLOOKUP(E32,'Deck Tally'!$B$5:$C$274,2,0) -> 33.05 | G32: =F32-($E$11/12) -> 32.6445 | H32: IN | I32: =IF(H32="IN",I31+G32,I31) -> 349.1315 | J32: =IF(I32="","",$L$8-I32) -> 19379.449 | K32: =$H$8+(I32*$E$9*$H$10/1000) -> 93.22206 | L32: INSTALL PIP TAG #1 ON JT #6 | O32: =19420-M33 -> 11.907 | P32: ft. Difference
B33: =B32+1 -> 7 | C33: 1 | D33: 7" 29# CSG | E33: 7 | F33: =VLOOKUP(E33,'Deck Tally'!$B$5:$C$274,2,0) -> 33.94 | G33: =F33-($E$11/12) -> 33.5345 | H33: IN | I33: =IF(H33="IN",I32+G33,I32) -> 382.666 | J33: =IF(I33="","",$L$8-I33) -> 19345.914 | K33: =$H$8+(I33*$E$9*$H$10/1000) -> 94.011799 | L33: 4 ft above pin @ | M33: =J31-4 -> 19408.093
B34: =B33+1 -> 8 | C34: 2 | D34: 7" 29# CSG | E34: 8 | F34: =VLOOKUP(E34,'Deck Tally'!$B$5:$C$274,2,0) -> 33.875 | G34: =F34-($E$11/12) -> 33.4695 | H34: IN | I34: =IF(H34="IN",I33+G34,I33) -> 416.1355 | J34: =IF(I34="","",$L$8-I34) -> 19312.445 | K34: =$H$8+(I34*$E$9*$H$10/1000) -> 94.800007 | L34: Remove Bottom Centralizer
B35: =B34+1 -> 9 | C35: 2 | D35: 7" 29# CSG | E35: 9 | F35: =VLOOKUP(E35,'Deck Tally'!$B$5:$C$274,2,0) -> 33.94 | G35: =F35-($E$11/12) -> 33.5345 | H35: IN | I35: =IF(H35="IN",I34+G35,I34) -> 449.67 | J35: =IF(I35="","",$L$8-I35) -> 19278.91 | K35: =$H$8+(I35*$E$9*$H$10/1000) -> 95.589746
B36: =B35+1 -> 10 | C36: 2 | D36: 7" 29# CSG | E36: 10 | F36: =VLOOKUP(E36,'Deck Tally'!$B$5:$C$274,2,0) -> 33.955 | G36: =F36-($E$11/12) -> 33.5495 | H36: IN | I36: =IF(H36="IN",I35+G36,I35) -> 483.2195 | J36: =IF(I36="","",$L$8-I36) -> 19245.361 | K36: =$H$8+(I36*$E$9*$H$10/1000) -> 96.379838
B37: =B36+1 -> 11 | C37: 2 | D37: 7" 29# CSG | E37: 11 | F37: =VLOOKUP(E37,'Deck Tally'!$B$5:$C$274,2,0) -> 32.79 | G37: =F37-($E$11/12) -> 32.3845 | H37: IN | I37: =IF(H37="IN",I36+G37,I36) -> 515.604 | J37: =IF(I37="","",$L$8-I37) -> 19212.976 | K37: =$H$8+(I37*$E$9*$H$10/1000) -> 97.142494
B38: =B37+1 -> 12 | C38: 2 | D38: 7" 29# CSG | E38: 12 | F38: =VLOOKUP(E38,'Deck Tally'!$B$5:$C$274,2,0) -> 33.94 | G38: =F38-($E$11/12) -> 33.5345 | H38: IN | I38: =IF(H38="IN",I37+G38,I37) -> 549.1385 | J38: =IF(I38="","",$L$8-I38) -> 19179.442 | K38: =$H$8+(I38*$E$9*$H$10/1000) -> 97.932233
B39: =B38+1 -> 13 | C39: 2 | D39: 7" 29# CSG | E39: 13 | F39: =VLOOKUP(E39,'Deck Tally'!$B$5:$C$274,2,0) -> 33.945 | G39: =F39-($E$11/12) -> 33.5395 | H39: IN | I39: =IF(H39="IN",I38+G39,I38) -> 582.678 | J39: =IF(I39="","",$L$8-I39) -> 19145.902 | K39: =$H$8+(I39*$E$9*$H$10/1000) -> 98.722089
B40: =B39+1 -> 14 | C40: 2 | D40: 7" 29# CSG | E40: 14 | F40: =VLOOKUP(E40,'Deck Tally'!$B$5:$C$274,2,0) -> 33.945 | G40: =F40-($E$11/12) -> 33.5395 | H40: IN | I40: =IF(H40="IN",I39+G40,I39) -> 616.2175 | J40: =IF(I40="","",$L$8-I40) -> 19112.363 | K40: =$H$8+(I40*$E$9*$H$10/1000) -> 99.511946
B41: =B40+1 -> 15 | C41: 2 | D41: 7" 29# CSG | E41: 15 | F41: =VLOOKUP(E41,'Deck Tally'!$B$5:$C$274,2,0) -> 33.945 | G41: =F41-($E$11/12) -> 33.5395 | H41: IN | I41: =IF(H41="IN",I40+G41,I40) -> 649.757 | J41: =IF(I41="","",$L$8-I41) -> 19078.823 | K41: =$H$8+(I41*$E$9*$H$10/1000) -> 100.3018
B42: =B41+1 -> 16 | C42: 2 | D42: 7" 29# CSG | E42: 16 | F42: =VLOOKUP(E42,'Deck Tally'!$B$5:$C$274,2,0) -> 33.94 | G42: =F42-($E$11/12) -> 33.5345 | H42: IN | I42: =IF(H42="IN",I41+G42,I41) -> 683.2915 | J42: =IF(I42="","",$L$8-I42) -> 19045.289 | K42: =$H$8+(I42*$E$9*$H$10/1000) -> 101.09154
B43: =B42+1 -> 17 | C43: 2 | D43: 7" 29# CSG | E43: 17 | F43: =VLOOKUP(E43,'Deck Tally'!$B$5:$C$274,2,0) -> 33.955 | G43: =F43-($E$11/12) -> 33.5495 | H43: IN | I43: =IF(H43="IN",I42+G43,I42) -> 716.841 | J43: =IF(I43="","",$L$8-I43) -> 19011.739 | K43: =$H$8+(I43*$E$9*$H$10/1000) -> 101.88163
B44: =B43+1 -> 18 | C44: 2 | D44: 7" 29# CSG | E44: 18 | F44: =VLOOKUP(E44,'Deck Tally'!$B$5:$C$274,2,0) -> 33.945 | G44: =F44-($E$11/12) -> 33.5395 | H44: IN | I44: =IF(H44="IN",I43+G44,I43) -> 750.3805 | J44: =IF(I44="","",$L$8-I44) -> 18978.2 | K44: =$H$8+(I44*$E$9*$H$10/1000) -> 102.67149
B45: =B44+1 -> 19 | C45: 2 | D45: 7" 29# CSG | E45: 19 | F45: =VLOOKUP(E45,'Deck Tally'!$B$5:$C$274,2,0) -> 33.935 | G45: =F45-($E$11/12) -> 33.5295 | H45: IN | I45: =IF(H45="IN",I44+G45,I44) -> 783.91 | J45: =IF(I45="","",$L$8-I45) -> 18944.67 | K45: =$H$8+(I45*$E$9*$H$10/1000) -> 103.46111
B46: =B45+1 -> 20 | C46: 2 | D46: 7" 29# CSG | E46: 20 | F46: =VLOOKUP(E46,'Deck Tally'!$B$5:$C$274,2,0) -> 33.66 | G46: =F46-($E$11/12) -> 33.2545 | H46: IN | I46: =IF(H46="IN",I45+G46,I45) -> 817.1645 | J46: =IF(I46="","",$L$8-I46) -> 18911.416 | K46: =$H$8+(I46*$E$9*$H$10/1000) -> 104.24426
... B53: =B52+1 -> 27 | C53: 2 | D53: 7" 29# CSG | E53: 27 | F53: =VLOOKUP(E53,'Deck Tally'!$B$5:$C$274,2,0) -> 33.95 | G53: =F53-($E$11/12) -> 33.5445 | H53: IN | I53: =IF(H53="IN",I52+G53,I52) -> 1051.486 | J53: =IF(I53="","",$L$8-I53) -> 18677.094 | K53: =$H$8+(I53*$E$9*$H$10/1000) -> 109.76254
B54: =B53+1 -> 28 | C54: 2 | D54: 7" 29# CSG | E54: 28 | F54: =VLOOKUP(E54,'Deck Tally'!$B$5:$C$274,2,0)-0.46 -> 33.925 | G54: =F54-($E$11/12) -> 33.5195 | H54: IN | I54: =IF(H54="IN",I53+G54,I53) -> 1085.0055 | J54: =IF(I54="","",$L$8-I54) -> 18643.575 | K54: =$H$8+(I54*$E$9*$H$10/1000) -> 110.55192
B55: =B54+1 -> 29 | C55: 2 | D55: 7" 29# CSG | E55: 29 | F55: =VLOOKUP(E55,'Deck Tally'!$B$5:$C$274,2,0)-0.46 -> 33.88 | G55: =F55-($E$11/12) -> 33.4745 | H55: IN | I55: =IF(H55="IN",I54+G55,I54) -> 1118.48 | J55: =IF(I55="","",$L$8-I55) -> 18610.1 | K55: =$H$8+(I55*$E$9*$H$10/1000) -> 111.34025
B56: =B55+1 -> 30 | C56: 2 | D56: 7" 29# CSG | E56: 30 | F56: =VLOOKUP(E56,'Deck Tally'!$B$5:$C$274,2,0)-0.46 -> 33.88 | G56: =F56-($E$11/12) -> 33.4745 | H56: IN | I56: =IF(H56="IN",I55+G56,I55) -> 1151.9545 | J56: =IF(I56="","",$L$8-I56) -> 18576.626 | K56: =$H$8+(I56*$E$9*$H$10/1000) -> 112.12857
B57: =B56+1 -> 31 | C57: 2 | D57: 7" 29# CSG | E57: 31 | F57: =VLOOKUP(E57,'Deck Tally'!$B$5:$C$274,2,0)-0.46 -> 33.885 | G57: =F57-($E$11/12) -> 33.4795 | H57: IN | I57: =IF(H57="IN",I56+G57,I56) -> 1185.434 | J57: =IF(I57="","",$L$8-I57) -> 18543.146 | K57: =$H$8+(I57*$E$9*$H$10/1000) -> 112.91702
B58: =B57+1 -> 32 | C58: 2 | D58: 7" 29# CSG | E58: 32 | F58: =VLOOKUP(E58,'Deck Tally'!$B$5:$C$274,2,0)-0.46 -> 33.545 | G58: =F58-($E$11/12) -> 33.1395 | H58: IN | I58: =IF(H58="IN",I57+G58,I57) -> 1218.5735 | J58: =IF(I58="","",$L$8-I58) -> 18510.007 | K58: =$H$8+(I58*$E$9*$H$10/1000) -> 113.69745
B59: =B58+1 -> 33 | C59: 2 | D59: 7" 29# CSG | E59: 33 | F59: =VLOOKUP(E59,'Deck Tally'!$B$5:$C$274,2,0) -> 33.56 | G59: =F59-($E$11/12) -> 33.1545 | H59: IN | I59: =IF(H59="IN",I58+G59,I58) -> 1251.728 | J59: =IF(I59="","",$L$8-I59) -> 18476.852 | K59: =$H$8+(I59*$E$9*$H$10/1000) -> 114.47824
B60: =B59+1 -> 34 | C60: 2 | D60: 7" 29# CSG | E60: 34 | F60: =VLOOKUP(E60,'Deck Tally'!$B$5:$C$274,2,0) -> 33.91 | G60: =F60-($E$11/12) -> 33.5045 | H60: IN | I60: =IF(H60="IN",I59+G60,I59) -> 1285.2325 | J60: =IF(I60="","",$L$8-I60) -> 18443.348 | K60: =$H$8+(I60*$E$9*$H$10/1000) -> 115.26727
B61: =B60+1 -> 35 | C61: 2 | D61: 7" 29# CSG | E61: 35 | F61: =VLOOKUP(E61,'Deck Tally'!$B$5:$C$274,2,0) -> 32.23 | G61: =F61-($E$11/12) -> 31.8245 | H61: IN | I61: =IF(H61="IN",I60+G61,I60) -> 1317.057 | J61: =IF(I61="","",$L$8-I61) -> 18411.523 | K61: =$H$8+(I61*$E$9*$H$10/1000) -> 116.01674
B62: =B61+1 -> 36 | C62: 2 | D62: 7" 29# CSG | E62: 36 | F62: =VLOOKUP(E62,'Deck Tally'!$B$5:$C$274,2,0)-0.46 -> 33.935 | G62: =F62-($E$11/12) -> 33.5295 | H62: IN | I62: =IF(H62="IN",I61+G62,I61) -> 1350.5865 | J62: =IF(I62="","",$L$8-I62) -> 18377.994 | K62: =$H$8+(I62*$E$9*$H$10/1000) -> 116.80636
B63: =B62+1 -> 37 | C63: 2 | D63: 7" 29# CSG | E63: 37 | F63: =VLOOKUP(E63,'Deck Tally'!$B$5:$C$274,2,0)-0.46 -> 33.91 | G63: =F63-($E$11/12) -> 33.5045 | H63: IN | I63: =IF(H63="IN",I62+G63,I62) -> 1384.091 | J63: =IF(I63="","",$L$8-I63) -> 18344.489 | K63: =$H$8+(I63*$E$9*$H$10/1000) -> 117.5954
B64: =B63+1 -> 38 | C64: 2 | D64: 7" 29# CSG | E64: 38 | F64: =VLOOKUP(E64,'Deck Tally'!$B$5:$C$274,2,0) -> 33.73 | G64: =F64-($E$11/12) -> 33.3245 | H64: IN | I64: =IF(H64="IN",I63+G64,I63) -> 1417.4155 | J64: =IF(I64="","",$L$8-I64) -> 18311.165 | K64: =$H$8+(I64*$E$9*$H$10/1000) -> 118.38019
B65: =B64+1 -> 39 | C65: 2 | D65: 7" 29# CSG | E65: 39 | F65: =VLOOKUP(E65,'Deck Tally'!$B$5:$C$274,2,0)-0.46 -> 33.785 | G65: =F65-($E$11/12) -> 33.3795 | H65: IN | I65: =IF(H65="IN",I64+G65,I64) -> 1450.795 | J65: =IF(I65="","",$L$8-I65) -> 18277.785 | K65: =$H$8+(I65*$E$9*$H$10/1000) -> 119.16628
B66: =B65+1 -> 40 | C66: 2 | D66: 7" 29# CSG | E66: 40 | F66: =VLOOKUP(E66,'Deck Tally'!$B$5:$C$274,2,0)-0.46 -> 33.91 | G66: =F66-($E$11/12) -> 33.5045 | H66: IN | I66: =IF(H66="IN",I65+G66,I65) -> 1484.2995 | J66: =IF(I66="","",$L$8-I66) -> 18244.281 | K66: =$H$8+(I66*$E$9*$H$10/1000) -> 119.95531
B67: =B66+1 -> 41 | C67: 2 | D67: 7" 29# CSG | E67: 41 | F67: =VLOOKUP(E67,'Deck Tally'!$B$5:$C$274,2,0)-0.46 -> 33.935 | G67: =F67-($E$11/12) -> 33.5295 | H67: IN | I67: =IF(H67="IN",I66+G67,I66) -> 1517.829 | J67: =IF(I67="","",$L$8-I67) -> 18210.751 | K67: =$H$8+(I67*$E$9*$H$10/1000) -> 120.74493
B68: =B67+1 -> 42 | C68: 2 | D68: 7" 29# CSG | E68: 42 | F68: =VLOOKUP(E68,'Deck Tally'!$B$5:$C$274,2,0)-0.46 -> 33.93 | G68: =F68-($E$11/12) -> 33.5245 | H68: IN | I68: =IF(H68="IN",I67+G68,I67) -> 1551.3535 | J68: =IF(I68="","",$L$8-I68) -> 18177.227 | K68: =$H$8+(I68*$E$9*$H$10/1000) -> 121.53443
B69: =B68+1 -> 43 | C69: 2 | D69: 7" 29# CSG | E69: 43 | F69: =VLOOKUP(E69,'Deck Tally'!$B$5:$C$274,2,0)-0.46 -> 33.935 | G69: =F69-($E$11/12) -> 33.5295 | H69: IN | I69: =IF(H69="IN",I68+G69,I68) -> 1584.883 | J69: =IF(I69="","",$L$8-I69) -> 18143.697 | K69: =$H$8+(I69*$E$9*$H$10/1000) -> 122.32406
B70: =B69+1 -> 44 | C70: 2 | D70: 7" 29# CSG | E70: 44 | F70: =VLOOKUP(E70,'Deck Tally'!$B$5:$C$274,2,0) -> 33.1 | G70: =F70-($E$11/12) -> 32.6945 | H70: IN | I70: =IF(H70="IN",I69+G70,I69) -> 1617.5775 | J70: =IF(I70="","",$L$8-I70) -> 18111.003 | K70: =$H$8+(I70*$E$9*$H$10/1000) -> 123.09401
B71: =B70+1 -> 45 | C71: 2 | D71: 7" 29# CSG | E71: 45 | F71: =VLOOKUP(E71,'Deck Tally'!$B$5:$C$274,2,0)-0.46 -> 33.75 | G71: =F71-($E$11/12) -> 33.3445 | H71: IN | I71: =IF(H71="IN",I70+G71,I70) -> 1650.922 | J71: =IF(I71="","",$L$8-I71) -> 18077.658 | K71: =$H$8+(I71*$E$9*$H$10/1000) -> 123.87928
B72: =B71+1 -> 46 | C72: 2 | D72: 7" 29# CSG | E72: 46 | F72: =VLOOKUP(E72,'Deck Tally'!$B$5:$C$274,2,0)-0.46 -> 33.925 | G72: =F72-($E$11/12) -> 33.5195 | H72: IN | I72: =IF(H72="IN",I71+G72,I71) -> 1684.4415 | J72: =IF(I72="","",$L$8-I72) -> 18044.139 | K72: =$H$8+(I72*$E$9*$H$10/1000) -> 124.66866
B73: =B72+1 -> 47 | C73: 2 | D73: 7" 29# CSG | E73: 47 | F73: =VLOOKUP(E73,'Deck Tally'!$B$5:$C$274,2,0)-0.46 -> 33.91 | G73: =F73-($E$11/12) -> 33.5045 | H73: IN | I73: =IF(H73="IN",I72+G73,I72) -> 1717.946 | J73: =IF(I73="","",$L$8-I73) -> 18010.634 | K73: =$H$8+(I73*$E$9*$H$10/1000) -> 125.45769
B74: =B73+1 -> 48 | C74: 2 | D74: 7" 29# CSG | E74: 48 | F74: =VLOOKUP(E74,'Deck Tally'!$B$5:$C$274,2,0)-0.46 -> 33.905 | G74: =F74-($E$11/12) -> 33.4995 | H74: IN | I74: =IF(H74="IN",I73+G74,I73) -> 1751.4455 | J74: =IF(I74="","",$L$8-I74) -> 17977.135 | K74: =$H$8+(I74*$E$9*$H$10/1000) -> 126.24661
B75: =B74+1 -> 49 | C75: 2 | D75: 7" 29# CSG | E75: 49 | F75: =VLOOKUP(E75,'Deck Tally'!$B$5:$C$274,2,0) -> 33.935 | G75: =F75-($E$11/12) -> 33.5295 | H75: IN | I75: =IF(H75="IN",I74+G75,I74) -> 1784.975 | J75: =IF(I75="","",$L$8-I75) -> 17943.605 | K75: =$H$8+(I75*$E$9*$H$10/1000) -> 127.03623
B76: =B75+1 -> 50 | C76: 2 | D76: 7" 29# CSG | E76: 50 | F76: =VLOOKUP(E76,'Deck Tally'!$B$5:$C$274,2,0) -> 33.93 | G76: =F76-($E$11/12) -> 33.5245 | H76: IN | I76: =IF(H76="IN",I75+G76,I75) -> 1818.4995 | J76: =IF(I76="","",$L$8-I76) -> 17910.081 | K76: =$H$8+(I76*$E$9*$H$10/1000) -> 127.82573
B77: =B76+1 -> 51 | C77: 2 | D77: 7" 29# CSG | E77: 51 | F77: =VLOOKUP(E77,'Deck Tally'!$B$5:$C$274,2,0) -> 33.945 | G77: =F77-($E$11/12) -> 33.5395 | H77: IN | I77: =IF(H77="IN",I76+G77,I76) -> 1852.039 | J77: =IF(I77="","",$L$8-I77) -> 17876.541 | K77: =$H$8+(I77*$E$9*$H$10/1000) -> 128.61559
B78: =B77+1 -> 52 | C78: 2 | D78: 7" 29# CSG | E78: 52 | F78: =VLOOKUP(E78,'Deck Tally'!$B$5:$C$274,2,0) -> 33.935 | G78: =F78-($E$11/12) -> 33.5295 | H78: IN | I78: =IF(H78="IN",I77+G78,I77) -> 1885.5685 | J78: =IF(I78="","",$L$8-I78) -> 17843.012 | K78: =$H$8+(I78*$E$9*$H$10/1000) -> 129.40521
B79: =B78+1 -> 53 | C79: 2 | D79: 7" 29# CSG | E79: 53 | F79: =VLOOKUP(E79,'Deck Tally'!$B$5:$C$274,2,0) -> 33.92 | G79: =F79-($E$11/12) -> 33.5145 | H79: IN | I79: =IF(H79="IN",I78+G79,I78) -> 1919.083 | J79: =IF(I79="","",$L$8-I79) -> 17809.497 | K79: =$H$8+(I79*$E$9*$H$10/1000) -> 130.19448
B80: =B79+1 -> 54 | C80: 2 | D80: 7" 29# CSG | E80: 54 | F80: =VLOOKUP(E80,'Deck Tally'!$B$5:$C$274,2,0) -> 33.925 | G80: =F80-($E$11/12) -> 33.5195 | H80: IN | I80: =IF(H80="IN",I79+G80,I79) -> 1952.6025 | J80: =IF(I80="","",$L$8-I80) -> 17775.978 | K80: =$H$8+(I80*$E$9*$H$10/1000) -> 130.98386
B81: =B80+1 -> 55 | C81: 2 | D81: 7" 29# CSG | E81: 55 | F81: =VLOOKUP(E81,'Deck Tally'!$B$5:$C$274,2,0)-0.46 -> 33.935 | G81: =F81-($E$11/12) -> 33.5295 | H81: IN | I81: =IF(H81="IN",I80+G81,I80) -> 1986.132 | J81: =IF(I81="","",$L$8-I81) -> 17742.448 | K81: =$H$8+(I81*$E$9*$H$10/1000) -> 131.77348
B82: =B81+1 -> 56 | C82: 2 | D82: 7" 29# CSG | E82: 56 | F82: =VLOOKUP(E82,'Deck Tally'!$B$5:$C$274,2,0)-0.46 -> 33.93 | G82: =F82-($E$11/12) -> 33.5245 | H82: IN | I82: =IF(H82="IN",I81+G82,I81) -> 2019.6565 | J82: =IF(I82="","",$L$8-I82) -> 17708.924 | K82: =$H$8+(I82*$E$9*$H$10/1000) -> 132.56299
B83: =B82+1 -> 57 | C83: 2 | D83: 7" 29# CSG | E83: 57 | F83: =VLOOKUP(E83,'Deck Tally'!$B$5:$C$274,2,0)-0.46 -> 33.945 | G83: =F83-($E$11/12) -> 33.5395 | H83: IN | I83: =IF(H83="IN",I82+G83,I82) -> 2053.196 | J83: =IF(I83="","",$L$8-I83) -> 17675.384 | K83: =$H$8+(I83*$E$9*$H$10/1000) -> 133.35284
B84: =B83+1 -> 58 | C84: 2 | D84: 7" 29# CSG | E84: 58 | F84: =VLOOKUP(E84,'Deck Tally'!$B$5:$C$274,2,0)-0.46 -> 33.93 | G84: =F84-($E$11/12) -> 33.5245 | H84: IN | I84: =IF(H84="IN",I83+G84,I83) -> 2086.7205 | J84: =IF(I84="","",$L$8-I84) -> 17641.86 | K84: =$H$8+(I84*$E$9*$H$10/1000) -> 134.14235
B85: =B84+1 -> 59 | C85: 2 | D85: 7" 29# CSG | E85: 59 | F85: =VLOOKUP(E85,'Deck Tally'!$B$5:$C$274,2,0)-0.46 -> 33.93 | G85: =F85-($E$11/12) -> 33.5245 | H85: IN | I85: =IF(H85="IN",I84+G85,I84) -> 2120.245 | J85: =IF(I85="","",$L$8-I85) -> 17608.335 | K85: =$H$8+(I85*$E$9*$H$10/1000) -> 134.93185
B86: =B85+1 -> 60 | C86: 2 | D86: 7" 29# CSG | E86: 60 | F86: =VLOOKUP(E86,'Deck Tally'!$B$5:$C$274,2,0)-0.46 -> 33.925 | G86: =F86-($E$11/12) -> 33.5195 | H86: IN | I86: =IF(H86="IN",I85+G86,I85) -> 2153.7645 | J86: =IF(I86="","",$L$8-I86) -> 17574.816 | K86: =$H$8+(I86*$E$9*$H$10/1000) -> 135.72124
B87: =B86+1 -> 61 | C87: 2 | D87: 7" 29# CSG | E87: 61 | F87: =VLOOKUP(E87,'Deck Tally'!$B$5:$C$274,2,0)-0.46 -> 33.93 | G87: =F87-($E$11/12) -> 33.5245 | H87: IN | I87: =IF(H87="IN",I86+G87,I86) -> 2187.289 | J87: =IF(I87="","",$L$8-I87) -> 17541.291 | K87: =$H$8+(I87*$E$9*$H$10/1000) -> 136.51074
B88: 62 | C88: 2 | D88: 7" 29# CSG | E88: 62 | F88: =VLOOKUP(E88,'Deck Tally'!$B$5:$C$274,2,0)-0.46 -> 33.735 | G88: =F88-($E$11/12) -> 33.3295 | H88: IN | I88: =IF(H88="IN",I87+G88,I87) -> 2220.6185 | J88: =IF(I88="","",$L$8-I88) -> 17507.962 | K88: =$H$8+(I88*$E$9*$H$10/1000) -> 137.29565
B89: 63 | C89: 2 | D89: 7" 29# CSG | E89: 63 | F89: =VLOOKUP(E89,'Deck Tally'!$B$5:$C$274,2,0)-0.46 -> 33.93 | G89: =F89-($E$11/12) -> 33.5245 | H89: IN | I89: =IF(H89="IN",I88+G89,I88) -> 2254.143 | J89: =IF(I89="","",$L$8-I89) -> 17474.437 | K89: =$H$8+(I89*$E$9*$H$10/1000) -> 138.08515
B90: =B89+1 -> 64 | C90: 2 | D90: 7" 29# CSG | E90: 64 | F90: =VLOOKUP(E90,'Deck Tally'!$B$5:$C$274,2,0)-0.46 -> 33.95 | G90: =F90-($E$11/12) -> 33.5445 | H90: IN | I90: =IF(H90="IN",I89+G90,I89) -> 2287.6875 | J90: =IF(I90="","",$L$8-I90) -> 17440.893 | K90: =$H$8+(I90*$E$9*$H$10/1000) -> 138.87513
B91: =B90+1 -> 65 | C91: 2 | D91: 7" 29# CSG | E91: 65 | F91: =VLOOKUP(E91,'Deck Tally'!$B$5:$C$274,2,0)-0.46 -> 33.95 | G91: =F91-($E$11/12) -> 33.5445 | H91: IN | I91: =IF(H91="IN",I90+G91,I90) -> 2321.232 | J91: =IF(I91="","",$L$8-I91) -> 17407.348 | K91: =$H$8+(I91*$E$9*$H$10/1000) -> 139.6651
B92: =B91+1 -> 66 | C92: 2 | D92: 7" 29# CSG | E92: 66 | F92: =VLOOKUP(E92,'Deck Tally'!$B$5:$C$274,2,0)-0.46 -> 33.95 | G92: =F92-($E$11/12) -> 33.5445 | H92: IN | I92: =IF(H92="IN",I91+G92,I91) -> 2354.7765 | J92: =IF(I92="","",$L$8-I92) -> 17373.804 | K92: =$H$8+(I92*$E$9*$H$10/1000) -> 140.45508
B93: =B92+1 -> 67 | C93: 2 | D93: 7" 29# CSG | E93: 67 | F93: =VLOOKUP(E93,'Deck Tally'!$B$5:$C$274,2,0)-0.46 -> 33.95 | G93: =F93-($E$11/12) -> 33.5445 | H93: IN | I93: =IF(H93="IN",I92+G93,I92) -> 2388.321 | J93: =IF(I93="","",$L$8-I93) -> 17340.259 | K93: =$H$8+(I93*$E$9*$H$10/1000) -> 141.24505 | L93: Planned PIP @ 17320 ft
B94: =B93+1 -> 68 | C94: 2 | D94: 7" 29# CSG | E94: 68 | F94: =VLOOKUP(E94,'Deck Tally'!$B$5:$C$274,2,0)-0.46 -> 33.945 | G94: =F94-($E$11/12) -> 33.5395 | H94: IN | I94: =IF(H94="IN",I93+G94,I93) -> 2421.8605 | J94: =IF(I94="","",$L$8-I94) -> 17306.72 | K94: =$H$8+(I94*$E$9*$H$10/1000) -> 142.03491 | L94: INSTALL PIP TAG #2 ON JT #68 | O94: =17320-M95 -> -16.259 | P94: ft. Difference
B95: =B94+1 -> 69 | C95: 2 | D95: 7" 29# CSG | E95: 69 | F95: =VLOOKUP(E95,'Deck Tally'!$B$5:$C$274,2,0)-0.46 -> 33.94 | G95: =F95-($E$11/12) -> 33.5345 | H95: IN | I95: =IF(H95="IN",I94+G95,I94) -> 2455.395 | J95: =IF(I95="","",$L$8-I95) -> 17273.185 | K95: =$H$8+(I95*$E$9*$H$10/1000) -> 142.82465 | L95: 4 ft above pin @ | M95: =J93-4 -> 17336.259
B96: =B95+1 -> 70 | C96: 2 | D96: 7" 29# CSG | E96: 70 | F96: =VLOOKUP(E96,'Deck Tally'!$B$5:$C$274,2,0)-0.46 -> 33.945 | G96: =F96-($E$11/12) -> 33.5395 | H96: IN | I96: =IF(H96="IN",I95+G96,I95) -> 2488.9345 | J96: =IF(I96="","",$L$8-I96) -> 17239.646 | K96: =$H$8+(I96*$E$9*$H$10/1000) -> 143.6145
B97: =B96+1 -> 71 | C97: 2 | D97: 7" 29# CSG | E97: 71 | F97: =VLOOKUP(E97,'Deck Tally'!$B$5:$C$274,2,0)-0.46 -> 33.945 | G97: =F97-($E$11/12) -> 33.5395 | H97: IN | I97: =IF(H97="IN",I96+G97,I96) -> 2522.474 | J97: =IF(I97="","",$L$8-I97) -> 17206.106 | K97: =$H$8+(I97*$E$9*$H$10/1000) -> 144.40436
B98: =B97+1 -> 72 | C98: 2 | D98: 7" 29# CSG | E98: 72 | F98: =VLOOKUP(E98,'Deck Tally'!$B$5:$C$274,2,0)-0.46 -> 33.94 | G98: =F98-($E$11/12) -> 33.5345 | H98: IN | I98: =IF(H98="IN",I97+G98,I97) -> 2556.0085 | J98: =IF(I98="","",$L$8-I98) -> 17172.572 | K98: =$H$8+(I98*$E$9*$H$10/1000) -> 145.1941
B99: =B98+1 -> 73 | C99: 2 | D99: 7" 29# CSG | E99: 73 | F99: =VLOOKUP(E99,'Deck Tally'!$B$5:$C$274,2,0)-0.46 -> 33.915 | G99: =F99-($E$11/12) -> 33.5095 | H99: IN | I99: =IF(H99="IN",I98+G99,I98) -> 2589.518 | J99: =IF(I99="","",$L$8-I99) -> 17139.062 | K99: =$H$8+(I99*$E$9*$H$10/1000) -> 145.98325
B100: =B99+1 -> 74 | C100: 2 | D100: 7" 29# CSG | E100: 74 | F100: =VLOOKUP(E100,'Deck Tally'!$B$5:$C$274,2,0)-0.46 -> 33.93 | G100: =F100-($E$11/12) -> 33.5245 | H100: IN | I100: =IF(H100="IN",I99+G100,I99) -> 2623.0425 | J100: =IF(I100="","",$L$8-I100) -> 17105.538 | K100: =$H$8+(I100*$E$9*$H$10/1000) -> 146.77275
B101: =B100+1 -> 75 | C101: 2 | D101: 7" 29# CSG | E101: 75 | F101: =VLOOKUP(E101,'Deck Tally'!$B$5:$C$274,2,0)-0.46 -> 33.92 | G101: =F101-($E$11/12) -> 33.5145 | H101: IN | I101: =IF(H101="IN",I100+G101,I100) -> 2656.557 | J101: =IF(I101="","",$L$8-I101) -> 17072.023 | K101: =$H$8+(I101*$E$9*$H$10/1000) -> 147.56202
B102: =B101+1 -> 76 | C102: 2 | D102: 7" 29# CSG | E102: 76 | F102: =VLOOKUP(E102,'Deck Tally'!$B$5:$C$274,2,0)-0.46 -> 33.92 | G102: =F102-($E$11/12) -> 33.5145 | H102: IN | I102: =IF(H102="IN",I101+G102,I101) -> 2690.0715 | J102: =IF(I102="","",$L$8-I102) -> 17038.509 | K102: =$H$8+(I102*$E$9*$H$10/1000) -> 148.35129
B103: =B102+1 -> 77 | C103: 2 | D103: 7" 29# CSG | E103: 77 | F103: =VLOOKUP(E103,'Deck Tally'!$B$5:$C$274,2,0)-0.46 -> 33.92 | G103: =F103-($E$11/12) -> 33.5145 | H103: IN | I103: =IF(H103="IN",I102+G103,I102) -> 2723.586 | J103: =IF(I103="","",$L$8-I103) -> 17004.994 | K103: =$H$8+(I103*$E$9*$H$10/1000) -> 149.14055
B104: =B103+1 -> 78 | C104: 2 | D104: 7" 29# CSG | E104: 78 | F104: =VLOOKUP(E104,'Deck Tally'!$B$5:$C$274,2,0)-0.46 -> 33.915 | G104: =F104-($E$11/12) -> 33.5095 | H104: IN | I104: =IF(H104="IN",I103+G104,I103) -> 2757.0955 | J104: =IF(I104="","",$L$8-I104) -> 16971.485 | K104: =$H$8+(I104*$E$9*$H$10/1000) -> 149.9297
B105: =B104+1 -> 79 | C105: 2 | D105: 7" 29# CSG | E105: 79 | F105: =VLOOKUP(E105,'Deck Tally'!$B$5:$C$274,2,0)-0.46 -> 33.915 | G105: =F105-($E$11/12) -> 33.5095 | H105: IN | I105: =IF(H105="IN",I104+G105,I104) -> 2790.605 | J105: =IF(I105="","",$L$8-I105) -> 16937.975 | K105: =$H$8+(I105*$E$9*$H$10/1000) -> 150.71885
B106: =B105+1 -> 80 | C106: 2 | D106: 7" 29# CSG | E106: 80 | F106: =VLOOKUP(E106,'Deck Tally'!$B$5:$C$274,2,0)-0.46 -> 33.94 | G106: =F106-($E$11/12) -> 33.5345 | H106: IN | I106: =IF(H106="IN",I105+G106,I105) -> 2824.1395 | J106: =IF(I106="","",$L$8-I106) -> 16904.441 | K106: =$H$8+(I106*$E$9*$H$10/1000) -> 151.50859
B107: =B106+1 -> 81 | C107: 2 | D107: 7" 29# CSG | E107: 81 | F107: =VLOOKUP(E107,'Deck Tally'!$B$5:$C$274,2,0)-0.46 -> 33.94 | G107: =F107-($E$11/12) -> 33.5345 | H107: IN | I107: =IF(H107="IN",I106+G107,I106) -> 2857.674 | J107: =IF(I107="","",$L$8-I107) -> 16870.906 | K107: =$H$8+(I107*$E$9*$H$10/1000) -> 152.29833
B108: =B107+1 -> 82 | C108: 2 | D108: 7" 29# CSG | E108: 82 | F108: =VLOOKUP(E108,'Deck Tally'!$B$5:$C$274,2,0)-0.46 -> 33.95 | G108: =F108-($E$11/12) -> 33.5445 | H108: IN | I108: =IF(H108="IN",I107+G108,I107) -> 2891.2185 | J108: =IF(I108="","",$L$8-I108) -> 16837.361 | K108: =$H$8+(I108*$E$9*$H$10/1000) -> 153.08831
B109: =B108+1 -> 83 | C109: 2 | D109: 7" 29# CSG | E109: 83 | F109: =VLOOKUP(E109,'Deck Tally'!$B$5:$C$274,2,0)-0.46 -> 33.935 | G109: =F109-($E$11/12) -> 33.5295 | H109: IN | I109: =IF(H109="IN",I108+G109,I108) -> 2924.748 | J109: =IF(I109="","",$L$8-I109) -> 16803.832 | K109: =$H$8+(I109*$E$9*$H$10/1000) -> 153.87793 | L109: Remove Bottom Centralizer
...

Sheet Deck Tally
B2: 7" 29# Deck Tally | F2: 7" 29# Pup Jnt'S
B4: Deck # | C4: Length (ft) | D4: Location | F4: Deck # | G4: Length (ft) | H4: Location
A5: 1 | B5: 1 | C5: 33.955 | F5: PJ 1 | G5: 20.22 | H5: Used
A6: 2 | B6: 2 | C6: 33.94 | F6: PJ 2 | G6: 20.23 | H6: Used
A7: 3 | B7: 3 | C7: 32.78 | F7: PJ 3 | G7: 20.22 | H7: Used
A8: 4 | B8: 4 | C8: 33.945 | F8: PJ 4 | G8: 20.23
A9: 5 | B9: 5 | C9: 33.675 | F9: PJ 5 | G9: 10.21 | H9: Used
A10: 6 | B10: 6 | C10: 33.05 | F10: PJ 6 | G10: 10.21 | H10: Used
A11: 7 | B11: 7 | C11: 33.94 | F11: PJ 7 | G11: 10.22 | H11: Used
A12: 8 | B12: 8 | C12: 33.875
A13: 9 | B13: 9 | C13: 33.94
A14: 10 | B14: 10 | C14: 33.955
A15: 11 | B15: 11 | C15: 32.79
A16: 12 | B16: 12 | C16: 33.94
A17: 13 | B17: 13 | C17: 33.945
A18: 14 | B18: 14 | C18: 33.945
A19: 15 | B19: 15 | C19: 33.945
A20: 16 | B20: 16 | C20: 33.94
A21: 17 | B21: 17 | C21: 33.955
A22: 18 | B22: 18 | C22: 33.945
A23: 19 | B23: 19 | C23: 33.935
... A301: 297 | B301: 297 | C301: 33.925
A302: 298 | B302: 298
A303: 299 | B303: 299
A304: 300 | B304: 300
A305: 301 | B305: 301
A306: 302 | B306: 302
A307: 303 | B307: 303
A308: 304 | B308: 304
A309: 305 | B309: 305
A310: 306 | B310: 306
A311: 307 | B311: 307
A312: 308 | B312: 308
A313: 309 | B313: 309
... A319: 315 | B319: 315
