Workbook
Name \A: #REF!
Name \A: #REF!
Name \A: #REF!
Name \B: #REF!
Name \B: #REF!
Name \C: #REF!
Name \C: #REF!
Name \C: #REF!
Name \D: #REF!
Name \D: #REF!
Name \D: #REF!
Name \E: #REF!
Name \E: #REF!
Name \E: #REF!
Name \f: #REF!
Name \f: #REF!
Name \g: #REF!
Name \g: #REF!
Name \h: #REF!
Name \h: #REF!
Name \I: #REF!
Name \I: #REF!
Name \I: #REF!
Name \J: #REF!
Name \J: #REF!
Name \J: #REF!
Name \L: #REF!
Name \L: #REF!
Name \L: #REF!
Name \N: #REF!
Name \N: #REF!
Name \N: #REF!
Name \q: #REF!
Name \q: #REF!
Name \r: #REF!
Name \r: #REF!
Name \S: #REF!
Name \S: #REF!
Name \V: #REF!
Name \V: #REF!
Name \X: #REF!
Name \X: #REF!
Name \X: #REF!
Name \Z: #REF!
Name \Z: #REF!
Name \Z: #REF!
Name __BHR1: #REF!
Name __BHR1: #REF!
Name __Col1: #REF!
Name __Col1: #REF!
Name __Col10: #REF!
Name __Col10: #REF!
Name __Col11: #REF!
Name __Col11: #REF!
Name __Col12: #REF!
Name __Col12: #REF!
Name __Col13: #REF!
Name __Col13: #REF!
Name __Col14: #REF!
Name __Col14: #REF!

Sheet RIH-DRAFT
B1: UPPER COMPLETION SERVICES
F2: DRAFT TALLY REV : 03
C3: CUSTOMER : | D3: Sapura OMV
C4: WELL # : | D4: Jerun A-4 | G4: SPECIFICATION: [MEASURED JOINTS]
C5: DATE : | D5: =TODAY() -> 46047 | F5: DESCRIPTION | G5: SIZE GRADE WEIGHT THREAD DEPTH m | K5: L/OUT | L5: RIH | M5: BAL | N5: OD (in) | O5: ID (in) | P5: Drift ID
C6: RIG : | D6: Gunnlod Jack Up Rig | F6: PROD. CASING | G6: 9-5/8" | H6: L80 | I6: '47# VAM 21 1732.62 | K6: - | N6: 10.42 / 9.625 | O6: 8.681 | P6: 8.525 | T6: LINER | U6: 6-5/8" | V6: 24ppf | W6: L80-13Cr | X6: 5.921 | Y6: 5.796 | Z6: VAM21-HT
C7: CUSTOMER REPS : | D7: Jamel Abd Rahman (DSV) | F7: PROD. CASING | G7: 10-3/4" | H7: L80 | I7: '55.5# VAM 21 310.15 | K7: - | N7: 11.626 / 10.75 | O7: 9.76 | P7: 9.235 | T7: TUBING | U7: 7" | V7: 23ppf | W7: L80-13Cr | X7: 6.366 | Y7: 6.241 | Z7: JFE LION
D8: Syahdimin Rashidi (NDSV) | F8: SLOTTED LINER | G8: 7" | H8: L80-13Cr | I8: '26# VAM TOP 2020 | K8: 18 | L8: 17 | M8: =K8-L8 -> 1 | N8: 7.565 / 7.00 | O8: 6.276 | P8: 6.151 | T8: 9-5/8" | U8: 47ppf | V8: L80 | W8: 8.681 | X8: 8.525 | Y8: VAM TOP
F9: LINER BLANK | G9: 7" | H9: L80-13Cr | I9: '26# VAM TOP '- | K9: 18 | L9: 7 | M9: =K9-L9 -> 11 | O9: 6.276
D10: Mohd Zainudi Shah (CSV) | F10: TUBING | G10: 7" | H10: HP2-13Cr-95 | I10: '29# JFE LION (TBC) | K10: 153 | L10: 132 | M10: =K10-L10 -> 21 | N10: 7.752 / 7.00 | O10: 6.184 | P10: 6.059
D11: Jawan Undom (NCSV)
C13: HALLIBURTON REPS : | D13: Hitla Baring, Khoa Nguyen | G13: M/UP LOSS (in / m) | I13: MINIMUM (ft-lb) OPTIMUM (ft-lb) MAXIMUM TORQUE (ft-lb)
D14: Natalie Chu | F14: LINER (Vam Top) | G14: 4.775 | H14: =(G14/12)/3.281 -> 0.12127908 | I14: 7470 8300 9130
D15: Keith Armstrong, Rozaidi Tek | F15: TUBING (JFE Lion) | G15: 4.85 | H15: =(G15/12)/3.281 -> 0.12318399 | I15: 15080 16300 17520
C16: COMPLETION TYPE: | D16: Single Gas Producer
C17: COMPLETION FLUID: | D17: Inhibited Sea water, 8.5 ppg
C18: PACKER FLUID : | D18: Inhibited Sea water, 8.5 ppg
C19: CASING FLUID : | D19: Inhibited Sea water, 8.5 ppg
B21: Assy | C21: Item Description | D21: Jt No. | E21: OD | F21: ID | G21: Length | H21: Final Depth | I21: RIH Depth | J21: CCP / CL | K21: Notes | O21: TBG | P21: CHECK
B22: No. | C22: SINGLE STRING | E22: (Inch) | F22: (Inch) | G22: (m MDDF) | H22: (m MDDF) | I22: (m MDDF) | O22: RIH
C24: MAX DEVIATION : 36.3 Deg @ 978.15m MDDF
C25: 10-3/4" x 9-5/8" Casing Shoe Depth | H25: 1732.62
C26: 10-3/4" x 9-5/8" XO Depth | H26: 310.15
C28: NOTE: | T28: =IF(L28>0,P28+L28,"")
C29: All length have been accounted for make up loss
P30: =IF(H30>0,H30+I30,"") | S30: =IF(F30>0,G30+F30,"")
C31: Top of Baker Liner Hanger | H31: 1681.767
P32: =IF(H32>0,H32+I32,"")
C33: E.O.T | H33: =H34+G34 -> 1684.1074 | P33: =IF(H33>0,H33+I33,"") -> 1684.1074
H34: =H35+G35 -> 1684.1074 | P34: =IF(H34>0,H34+I34,"") -> 1684.1074
C35: =H40-1682.6 -> -1.4425703 | H35: =H36+G36 -> 1684.1074 | P35: =IF(H35>0,H35+I35,"") -> 1684.1074
C36: Proposed depth : 1682.6 m | H36: =H37+G37 -> 1684.1074 | I36: 0 | O36: 0 | P36: =IF(H36>0,H36+I36,"") -> 1684.1074
B37: Assy #1 Baker Tie Back Assy | C37: Bottom Bullet Seal Packing to end of Half Mule Shoe | E37: 7.25 | F37: 6.063 | G37: 1.79 | H37: =H38+G38 -> 1682.3174 | I37: =I36+G37 -> 1.79 | O37: =IF(D37>0,O36+1,O36) -> 0 | P37: =IF(H37>0,H37+I37,"") -> 1684.1074 | R37: nata
C38: Middle Seal to Bottom Bullet Seal Packing | E38: 7.438 | F38: 6.063 | G38: 0.3 | H38: =H39+G39 -> 1682.0174 | I38: =I37+G38 -> 2.09 | O38: =IF(D38>0,O37+1,O37) -> 0 | P38: =IF(H38>0,H38+I38,"") -> 1684.1074
C39: Top Seal to Middle Bullet Seal Packing | E39: 7.438 | F39: 6.063 | G39: 0.3 | H39: =H40+G40 -> 1681.7174 | I39: =I38+G39 -> 2.39 | O39: =IF(D39>0,O38+1,O38) -> 0 | P39: =IF(H39>0,H39+I39,"") -> 1684.1074
C40: NO - GO Locator to Top Bullet Seal Packing | E40: 7.438 | F40: 6.063 | G40: 0.56 | H40: =H31-(2/3.281) -> 1681.1574 | I40: =I39+G40 -> 2.95 | K40: *Note: Depth based on 2ft pick up-space out. | O40: =IF(D40>0,O39+1,O39) -> 0 | P40: =IF(H40>0,H40+I40,"") -> 1684.1074
C41: Coupling 7'' 29ppf JFELion B x B To NO-GO LOCATOR | E41: 8.25 | F41: 6.125 | G41: 0.34 | H41: =H40-G41 -> 1680.8174 | I41: =I40+G41 -> 3.29 | O41: =IF(D41>0,O40+1,O40) -> 0 | P41: =IF(H41>0,H41+I41,"") -> 1684.1074
C42: 6ft Pup Joint 7'' 29ppf 13CR 95KSI JFELion BOX X PIN | E42: 7.875 | F42: 6.125 | G42: 1.765 | H42: =H41-G42 -> 1679.0524 | I42: =I41+G42 -> 5.055 | O42: =IF(D42>0,O41+1,O41) -> 0 | P42: =IF(H42>0,H42+I42,"") -> 1684.1074
H43: =H42-G43 -> 1679.0524 | I43: =I42+G43 -> 5.055 | O43: =IF(D43>0,O42+1,O42) -> 0 | P43: =IF(H43>0,H43+I43,"") -> 1684.1074
C44: 5 JT(s) R3 Tubing Joint,7" 29# JFE LION HP2 13CR 95, BOX x PIN | H44: =H43-G44 -> 1679.0524 | I44: =I43+G44 -> 5.055 | O44: =IF(D44>0,O43+1,O43) -> 0 | P44: =IF(H44>0,H44+I44,"") -> 1684.1074
B45: Cradle #30 | C45: 1 / 5 | D45: 267 | E45: 7.752 | F45: 6.184 | G45: =IF(D45>0,VLOOKUP(D45,Tally!F:H,3,FALSE)) -> 12.370142 | H45: =H44-G45 -> 1666.6823 | I45: =I44+G45 -> 17.425142 | O45: =IF(D45>0,O44+1,O44) -> 1 | P45: =IF(H45>0,H45+I45,"") -> 1684.1074
C46: 2 / 5 | D46: 266 | E46: 7.752 | F46: 6.184 | G46: =IF(D46>0,VLOOKUP(D46,Tally!F:H,3,FALSE)) -> 12.379286 | H46: =H45-G46 -> 1654.303 | I46: =I45+G46 -> 29.804428 | O46: =IF(D46>0,O45+1,O45) -> 2 | P46: =IF(H46>0,H46+I46,"") -> 1684.1074
C47: 3 / 5 | D47: 265 | E47: 7.752 | F47: 6.184 | G47: =IF(D47>0,VLOOKUP(D47,Tally!F:H,3,FALSE)) -> 12.425004 | H47: =H46-G47 -> 1641.878 | I47: =I46+G47 -> 42.229432 | O47: =IF(D47>0,O46+1,O46) -> 3 | P47: =IF(H47>0,H47+I47,"") -> 1684.1074
C48: 4 / 5 | D48: 264 | E48: 7.752 | F48: 6.184 | G48: =IF(D48>0,VLOOKUP(D48,Tally!F:H,3,FALSE)) -> 12.376238 | H48: =H47-G48 -> 1629.5018 | I48: =I47+G48 -> 54.60567 | O48: =IF(D48>0,O47+1,O47) -> 4 | P48: =IF(H48>0,H48+I48,"") -> 1684.1074
C49: 5 / 5 | D49: 263 | E49: 7.752 | F49: 6.184 | G49: =IF(D49>0,VLOOKUP(D49,Tally!F:H,3,FALSE)) -> 12.41586 | H49: =H48-G49 -> 1617.0859 | I49: =I48+G49 -> 67.02153 | O49: =IF(D49>0,O48+1,O48) -> 5 | P49: =IF(H49>0,H49+I49,"") -> 1684.1074
H50: =H49-G50 -> 1617.0859 | I50: =I49+G50 -> 67.02153 | O50: =IF(D50>0,O49+1,O49) -> 5 | P50: =IF(H50>0,H50+I50,"") -> 1684.1074
H51: =H50-G51 -> 1617.0859 | I51: =I50+G51 -> 67.02153 | O51: =IF(D51>0,O50+1,O50) -> 5 | P51: =IF(H51>0,H51+I51,"") -> 1684.1074
H52: =H51-G52 -> 1617.0859 | I52: =I51+G52 -> 67.02153 | O52: =IF(D52>0,O51+1,O51) -> 5 | P52: =IF(H52>0,H52+I52,"") -> 1684.1074
H53: =H52-G53 -> 1617.0859 | I53: =I52+G53 -> 67.02153 | O53: =IF(D53>0,O52+1,O52) -> 5 | P53: =IF(H53>0,H53+I53,"") -> 1684.1074
H54: =H53-G54 -> 1617.0859 | I54: =I53+G54 -> 67.02153 | O54: =IF(D54>0,O53+1,O53) -> 5 | P54: =IF(H54>0,H54+I54,"") -> 1684.1074
B55: Assy #2 Landing Nipple | C55: 6ft 7" 29ppf JFELion HP2-13CR-95 BxP | E55: 7.752 | F55: 6.184 | G55: =1.612+0.28-$H$15 -> 1.768816 | H55: =H54-G55 -> 1615.3171 | I55: =I54+G55 -> 68.790346 | O55: =IF(D55>0,O54+1,O54) -> 5 | P55: =IF(H55>0,H55+I55,"") -> 1684.1074
C56: LN,5.625,RPT,S13CR,7-29.00 JFELION,B-P (LN-0353-L) | E56: 7.764 | F56: 5.625 | G56: 0.546 | H56: =H55-G56 -> 1614.7711 | I56: =I55+G56 -> 69.336346 | K56: Bottom of cut zone to RPT: | M56: =H56-(H69+M69) -> 3.8469424 | N56: m | O56: =IF(D56>0,O55+1,O55) -> 5 | P56: =IF(H56>0,H56+I56,"") -> 1684.1074
C57: 6ft 7" 29ppf JFELion HP2-13CR-95 BxP | E57: 7.752 | F57: 6.184 | G57: =1.49+0.28 -> 1.77 | H57: =H56-G57 -> 1613.0011 | I57: =I56+G57 -> 71.106346 | O57: =IF(D57>0,O56+1,O56) -> 5 | P57: =IF(H57>0,H57+I57,"") -> 1684.1074
H58: =H57-G58 -> 1613.0011 | I58: =I57+G58 -> 71.106346 | O58: =IF(D58>0,O57+1,O57) -> 5 | P58: =IF(H58>0,H58+I58,"") -> 1684.1074
H59: =H58-G59 -> 1613.0011 | I59: =I58+G59 -> 71.106346 | O59: =IF(D59>0,O58+1,O58) -> 5 | P59: =IF(H59>0,H59+I59,"") -> 1684.1074
H60: =H59-G60 -> 1613.0011 | I60: =I59+G60 -> 71.106346 | O60: =IF(D60>0,O59+1,O59) -> 5 | P60: =IF(H60>0,H60+I60,"") -> 1684.1074
H61: =H60-G61 -> 1613.0011 | I61: =I60+G61 -> 71.106346 | O61: =IF(D61>0,O60+1,O60) -> 5 | P61: =IF(H61>0,H61+I61,"") -> 1684.1074
H62: =H61-G62 -> 1613.0011 | I62: =I61+G62 -> 71.106346 | O62: =IF(D62>0,O61+1,O61) -> 5 | P62: =IF(H62>0,H62+I62,"") -> 1684.1074
H63: =H62-G63 -> 1613.0011 | I63: =I62+G63 -> 71.106346 | K63: Bottom CCL: | L63: 1617.07 | M63: Meter | O63: =IF(D63>0,O62+1,O62) -> 5 | P63: =IF(H63>0,H63+I63,"") -> 1684.1074
C64: =H68-1611.8 -> -2.1467323 | H64: =H63-G64 -> 1613.0011 | I64: =I63+G64 -> 71.106346 | L64: =L63-L65 -> 7.4167323 | O64: =IF(D64>0,O63+1,O63) -> 5 | P64: =IF(H64>0,H64+I64,"") -> 1684.1074
C65: Proposed depth : 1611.8 m | H65: =H64-G65 -> 1613.0011 | I65: =I64+G65 -> 71.106346 | K65: COE: | L65: =H68 -> 1609.6533 | O65: =IF(D65>0,O64+1,O64) -> 5 | P65: =IF(H65>0,H65+I65,"") -> 1684.1074
B66: Assy #3 AHC Packer | C66: 6ft 7" 29ppf JFELion HP2-13CR-95 BxP | E66: 7.752 | F66: 6.184 | G66: =1.612+0.283-$H$15 -> 1.771816 | H66: =H65-G66 -> 1611.2293 | I66: =I65+G66 -> 72.878162 | L66: =L65-L67 -> 5.2332677 | O66: =IF(D66>0,O65+1,O65) -> 5 | P66: =IF(H66>0,H66+I66,"") -> 1684.1074
C67: COE to Bottom Pkr | E67: 8.34 | F67: 6.029 | G67: 1.576 | H67: =H66-G67 -> 1609.6533 | I67: =I66+G67 -> 74.454162 | K67: Top CCL: | L67: 1604.42 | M67: Meter | O67: =IF(D67>0,O66+1,O66) -> 5 | P67: =IF(H67>0,H67+I67,"") -> 1684.1074
C68: COE (AHC-0855-L) | H68: =H67-G68 -> 1609.6533 | I68: =I67+G68 -> 74.454162 | K68: Top to Bottom CUT ZONE: | M68: 9.57 | N68: ft | O68: =IF(D68>0,O67+1,O67) -> 5 | P68: =IF(H68>0,H68+I68,"") -> 1684.1074
C69: Top of AHC PKR,9 5/8,47-53.5,7-29.00 JFELION,B-P to COE | E69: 8.34 | F69: 6.029 | G69: =CONVERT(5.4,"ft","m") -> 1.64592 | H69: =H68-G69 -> 1608.0073 | I69: =I68+G69 -> 76.100082 | M69: =M68/3.281 -> 2.9167937 | N69: m | O69: =IF(D69>0,O68+1,O68) -> 5 | P69: =IF(H69>0,H69+I69,"") -> 1684.1074
C70: 6ft 7" 29ppf JFELion HP2-13CR-95 BxP | E70: 7.752 | F70: 6.184 | G70: =1.487+0.283 -> 1.77 | H70: =H69-G70 -> 1606.2373 | I70: =I69+G70 -> 77.870082 | K70: Length of CUT ZONE: | M70: 1.49 | N70: ft | O70: =IF(D70>0,O69+1,O69) -> 5 | P70: =IF(H70>0,H70+I70,"") -> 1684.1074
H71: =H70-G71 -> 1606.2373 | I71: =I70+G71 -> 77.870082 | M71: =M70/3.281 -> 0.45412984 | N71: m | O71: =IF(D71>0,O70+1,O70) -> 5 | P71: =IF(H71>0,H71+I71,"") -> 1684.1074
C72: 1 JT(s) R3 Tubing Joint,7" 29# JFE LION HP2 13CR 95, BOX x PIN | H72: =H71-G72 -> 1606.2373 | I72: =I71+G72 -> 77.870082 | O72: =IF(D72>0,O71+1,O71) -> 5 | P72: =IF(H72>0,H72+I72,"") -> 1684.1074
B73: Cradle #30 | C73: 1 / 1 | D73: 262 | E73: 7.752 | F73: 6.184 | G73: =IF(D73>0,VLOOKUP(D73,Tally!F:H,3,FALSE)) -> 12.812081 | H73: =H72-G73 -> 1593.4253 | I73: =I72+G73 -> 90.682163 | O73: =IF(D73>0,O72+1,O72) -> 6 | P73: =IF(H73>0,H73+I73,"") -> 1684.1074
H74: =H73-G74 -> 1593.4253 | I74: =I73+G74 -> 90.682163 | O74: =IF(D74>0,O73+1,O73) -> 6 | P74: =IF(H74>0,H74+I74,"") -> 1684.1074
H75: =H74-G75 -> 1593.4253 | I75: =I74+G75 -> 90.682163 | O75: =IF(D75>0,O74+1,O74) -> 6 | P75: =IF(H75>0,H75+I75,"") -> 1684.1074
H76: =H75-G76 -> 1593.4253 | I76: =I75+G76 -> 90.682163 | O76: =IF(D76>0,O75+1,O75) -> 6 | P76: =IF(H76>0,H76+I76,"") -> 1684.1074
H77: =H76-G77 -> 1593.4253 | I77: =I76+G77 -> 90.682163 | O77: =IF(D77>0,O76+1,O76) -> 6 | P77: =IF(H77>0,H77+I77,"") -> 1684.1074
H78: =H77-G78 -> 1593.4253 | I78: =I77+G78 -> 90.682163 | O78: =IF(D78>0,O77+1,O77) -> 6 | P78: =IF(H78>0,H78+I78,"") -> 1684.1074
C79: =H82-1595.8 -> -4.3756131 | H79: =H78-G79 -> 1593.4253 | I79: =I78+G79 -> 90.682163 | O79: =IF(D79>0,O78+1,O78) -> 6 | P79: =IF(H79>0,H79+I79,"") -> 1684.1074
C80: Proposed depth : 1595.8 m | H80: =H79-G80 -> 1593.4253 | I80: =I79+G80 -> 90.682163 | O80: =IF(D80>0,O79+1,O79) -> 6 | P80: =IF(H80>0,H80+I80,"") -> 1684.1074
B81: Assy #4 PDG | C81: 7" 29ppf JFELion HP2-13CR-95 PxP (6ft) | E81: 7 | F81: 6.184 | G81: =1.612-$H$15 -> 1.488816 | H81: =H80-G81 -> 1591.9365 | I81: =I80+G81 -> 92.170979 | K81: Depth: | L81: =H82*3.281 -> 5221.4634 | M81: ft | O81: =IF(D81>0,O80+1,O80) -> 6 | P81: =IF(H81>0,H81+I81,"") -> 1684.1074
C82: GGE MDRL ASSY (ERD-0002-L) | E82: 8.495 | F82: 6.211 | G82: 0.512064 | H82: =H81-G82 -> 1591.4244 | I82: =I81+G82 -> 92.683043 | K82: TEC Length: | L82: 6000 | M82: ft | O82: =IF(D82>0,O81+1,O81) -> 6 | P82: =IF(H82>0,H82+I82,"") -> 1684.1074
C83: 10ft 7" 29ppf JFELion HP2-13CR-95 BxP | E83: 7.767 | F83: 6.184 | G83: =2.71+0.28 -> 2.99 | H83: =H82-G83 -> 1588.4344 | I83: =I82+G83 -> 95.673043 | J83: 1 | K83: Balance: | L83: =L82-L81 -> 778.53659 | M83: ft | O83: =IF(D83>0,O82+1,O82) -> 6 | P83: =IF(H83>0,H83+I83,"") -> 1684.1074
H84: =H83-G84 -> 1588.4344 | I84: =I83+G84 -> 95.673043 | O84: =IF(D84>0,O83+1,O83) -> 6 | P84: =IF(H84>0,H84+I84,"") -> 1684.1074
H85: =H84-G85 -> 1588.4344 | I85: =I84+G85 -> 95.673043 | O85: =IF(D85>0,O84+1,O84) -> 6 | P85: =IF(H85>0,H85+I85,"") -> 1684.1074
C86: 106 JT(s) R3 Tubing Joint,7" 29# JFE LION HP2 13CR 95, BOX x PIN | H86: =H85-G86 -> 1588.4344 | I86: =I85+G86 -> 95.673043 | O86: =IF(D86>0,O85+1,O85) -> 6 | P86: =IF(H86>0,H86+I86,"") -> 1684.1074
B87: Cradle #29 | C87: 1 / 106 | D87: 261 | E87: 7.752 | F87: 6.184 | G87: =IF(D87>0,VLOOKUP(D87,Tally!F:H,3,FALSE)) -> 11.18148 | H87: =H86-G87 -> 1577.2529 | I87: =I86+G87 -> 106.85452 | J87: 2 | O87: =IF(D87>0,O86+1,O86) -> 7 | P87: =IF(H87>0,H87+I87,"") -> 1684.1074
C88: 2 / 106 | D88: 260 | E88: 7.752 | F88: 6.184 | G88: =IF(D88>0,VLOOKUP(D88,Tally!F:H,3,FALSE)) -> 12.178128 | H88: =H87-G88 -> 1565.0748 | I88: =I87+G88 -> 119.03265 | J88: 3 | O88: =IF(D88>0,O87+1,O87) -> 8 | P88: =IF(H88>0,H88+I88,"") -> 1684.1074
C89: 3 / 106 | D89: 259 | E89: 7.752 | F89: 6.184 | G89: =IF(D89>0,VLOOKUP(D89,Tally!F:H,3,FALSE)) -> 12.26042 | H89: =H88-G89 -> 1552.8144 | I89: =I88+G89 -> 131.29307 | J89: 4 | O89: =IF(D89>0,O88+1,O88) -> 9 | P89: =IF(H89>0,H89+I89,"") -> 1684.1074
C90: 4 / 106 | D90: 258 | E90: 7.752 | F90: 6.184 | G90: =IF(D90>0,VLOOKUP(D90,Tally!F:H,3,FALSE)) -> 12.321377 | H90: =H89-G90 -> 1540.493 | I90: =I89+G90 -> 143.61445 | J90: 5 | O90: =IF(D90>0,O89+1,O89) -> 10 | P90: =IF(H90>0,H90+I90,"") -> 1684.1074
C91: 5 / 106 | D91: 257 | E91: 7.752 | F91: 6.184 | G91: =IF(D91>0,VLOOKUP(D91,Tally!F:H,3,FALSE)) -> 12.479865 | H91: =H90-G91 -> 1528.0131 | I91: =I90+G91 -> 156.09431 | J91: 6 | O91: =IF(D91>0,O90+1,O90) -> 11 | P91: =IF(H91>0,H91+I91,"") -> 1684.1074
C92: 6 / 106 | D92: 256 | E92: 7.752 | F92: 6.184 | G92: =IF(D92>0,VLOOKUP(D92,Tally!F:H,3,FALSE)) -> 12.482913 | H92: =H91-G92 -> 1515.5302 | I92: =I91+G92 -> 168.57723 | J92: 7 | O92: =IF(D92>0,O91+1,O91) -> 12 | P92: =IF(H92>0,H92+I92,"") -> 1684.1074
C93: 7 / 106 | D93: 255 | E93: 7.752 | F93: 6.184 | G93: =IF(D93>0,VLOOKUP(D93,Tally!F:H,3,FALSE)) -> 12.327472 | H93: =H92-G93 -> 1503.2027 | I93: =I92+G93 -> 180.9047 | J93: 8 | O93: =IF(D93>0,O92+1,O92) -> 13 | P93: =IF(H93>0,H93+I93,"") -> 1684.1074
C94: 8 / 106 | D94: 254 | E94: 7.752 | F94: 6.184 | G94: =IF(D94>0,VLOOKUP(D94,Tally!F:H,3,FALSE)) -> 11.510648 | H94: =H93-G94 -> 1491.6921 | I94: =I93+G94 -> 192.41535 | J94: 9 | O94: =IF(D94>0,O93+1,O93) -> 14 | P94: =IF(H94>0,H94+I94,"") -> 1684.1074
C95: 9 / 106 | D95: 253 | E95: 7.752 | F95: 6.184 | G95: =IF(D95>0,VLOOKUP(D95,Tally!F:H,3,FALSE)) -> 12.595683 | H95: =H94-G95 -> 1479.0964 | I95: =I94+G95 -> 205.01103 | J95: 10 | O95: =IF(D95>0,O94+1,O94) -> 15 | P95: =IF(H95>0,H95+I95,"") -> 1684.1074
B96: Cradle #28 | C96: 10 / 106 | D96: 252 | E96: 7.752 | F96: 6.184 | G96: =IF(D96>0,VLOOKUP(D96,Tally!F:H,3,FALSE)) -> 12.205558 | H96: =H95-G96 -> 1466.8908 | I96: =I95+G96 -> 217.21659 | J96: 11 | O96: =IF(D96>0,O95+1,O95) -> 16 | P96: =IF(H96>0,H96+I96,"") -> 1684.1074
C97: 11 / 106 | D97: 251 | E97: 7.752 | F97: 6.184 | G97: =IF(D97>0,VLOOKUP(D97,Tally!F:H,3,FALSE)) -> 12.525583 | H97: =H96-G97 -> 1454.3653 | I97: =I96+G97 -> 229.74217 | J97: 12 | O97: =IF(D97>0,O96+1,O96) -> 17 | P97: =IF(H97>0,H97+I97,"") -> 1684.1074
C98: 12 / 106 | D98: 250 | E98: 7.752 | F98: 6.184 | G98: =IF(D98>0,VLOOKUP(D98,Tally!F:H,3,FALSE)) -> 12.464626 | H98: =H97-G98 -> 1441.9006 | I98: =I97+G98 -> 242.2068 | J98: 13 | O98: =IF(D98>0,O97+1,O97) -> 18 | P98: =IF(H98>0,H98+I98,"") -> 1684.1074
C99: 13 / 106 | D99: 249 | E99: 7.752 | F99: 6.184 | G99: =IF(D99>0,VLOOKUP(D99,Tally!F:H,3,FALSE)) -> 12.595683 | H99: =H98-G99 -> 1429.305 | I99: =I98+G99 -> 254.80248 | J99: 14 | O99: =IF(D99>0,O98+1,O98) -> 19 | P99: =IF(H99>0,H99+I99,"") -> 1684.1074
C100: 14 / 106 | D100: 248 | E100: 7.752 | F100: 6.184 | G100: =IF(D100>0,VLOOKUP(D100,Tally!F:H,3,FALSE)) -> 12.482913 | H100: =H99-G100 -> 1416.822 | I100: =I99+G100 -> 267.28539 | J100: 15 | O100: =IF(D100>0,O99+1,O99) -> 20 | P100: =IF(H100>0,H100+I100,"") -> 1684.1074
C101: 15 / 106 | D101: 247 | E101: 7.752 | F101: 6.184 | G101: =IF(D101>0,VLOOKUP(D101,Tally!F:H,3,FALSE)) -> 12.495104 | H101: =H100-G101 -> 1404.3269 | I101: =I100+G101 -> 279.7805 | J101: 16 | O101: =IF(D101>0,O100+1,O100) -> 21 | P101: =IF(H101>0,H101+I101,"") -> 1684.1074
C102: 16 / 106 | D102: 246 | E102: 7.752 | F102: 6.184 | G102: =IF(D102>0,VLOOKUP(D102,Tally!F:H,3,FALSE)) -> 12.528631 | H102: =H101-G102 -> 1391.7983 | I102: =I101+G102 -> 292.30913 | J102: 17 | O102: =IF(D102>0,O101+1,O101) -> 22 | P102: =IF(H102>0,H102+I102,"") -> 1684.1074
C103: 17 / 106 | D103: 245 | E103: 7.752 | F103: 6.184 | G103: =IF(D103>0,VLOOKUP(D103,Tally!F:H,3,FALSE)) -> 12.376238 | H103: =H102-G103 -> 1379.4221 | I103: =I102+G103 -> 304.68536 | J103: 18 | O103: =IF(D103>0,O102+1,O102) -> 23 | P103: =IF(H103>0,H103+I103,"") -> 1684.1074
C104: 18 / 106 | D104: 244 | E104: 7.752 | F104: 6.184 | G104: =IF(D104>0,VLOOKUP(D104,Tally!F:H,3,FALSE)) -> 12.568253 | H104: =H103-G104 -> 1366.8538 | I104: =I103+G104 -> 317.25362 | J104: 19 | O104: =IF(D104>0,O103+1,O103) -> 24 | P104: =IF(H104>0,H104+I104,"") -> 1684.1074
...

Sheet Tally
C2: Pre-Drilled LINER/Blanks | G2: Production Casing/Tubing | K2: WASH PIPE | M2: Total | N2: =C374 -> 446.747
B3: =O10 -> 7" | C3: =O16 -> L80 13CR / Vam Top | D3: UOM | G3: =O10 -> 7" | H3: =O12 -> Hp2 13CR 95 / JFE Lion | K3: 3-1/2" HYDRIL 511
A4: Jt # | B4: M'SURED | C4: ADJUSTED | D4: METER (m) | F4: Jt # | G4: M'SURED | H4: ADJUSTED | J4: Jt # | K4: M'SURED | L4: ADJUSTED | M4: Average | N4: =C376 -> 12.409639 | O4: =F376 -> 135.5 | P4: =#REF! -> #REF!
A5: BP1 | B5: 12.6 | C5: =B5-$O$17 -> 12.479 | D5: Blanks | F5: 1 | G5: 12.231027 | H5: =G5-$O$13 -> 12.108027 | I5: Upper Completion Well A1 | J5: 1 | K5: 8.72 | L5: =K5-$O$21 -> 8.65 | M5: Bundle A | S5: 43 | T5: 11.6
A6: BP2 | B6: 12.585 | C6: =B6-$O$17 -> 12.464 | F6: 2 | G6: 11.590978 | H6: =G6-$O$13 -> 11.467978 | J6: 2 | K6: 8.715 | L6: =K6-$O$21 -> 8.645 | N6: Well | O6: Jerun A-4 | S6: 42 | T6: 11.705
A7: BP3 | B7: 12.315 | C7: =B7-$O$17 -> 12.194 | F7: 3 | G7: 12.29808 | H7: =G7-$O$13 -> 12.17508 | J7: 3 | K7: 8.7 | L7: =K7-$O$21 -> 8.63 | S7: 41 | T7: 11.58
A8: BP4 | B8: 12.58 | C8: =B8-$O$17 -> 12.459 | F8: 4 | G8: 12.450472 | H8: =G8-$O$13 -> 12.327472 | J8: 4 | K8: 8.52 | L8: =K8-$O$21 -> 8.45 | N8: Rig | O8: GUNNLOD BORR | S8: 40 | T8: 11.71
A9: BP5 | B9: 12.52 | C9: =B9-$O$17 -> 12.399 | F9: 5 | G9: 12.267601 | H9: =G9-$O$13 -> 12.144601 | J9: 5 | K9: 9.56 | L9: =K9-$O$21 -> 9.49 | S9: 39 | T9: 11.705
A10: BP6 | B10: 12.575 | C10: =B10-$O$17 -> 12.454 | F10: 6 | G10: 12.221884 | H10: =G10-$O$13 -> 12.098884 | J10: 6 | K10: 9.63 | L10: =K10-$O$21 -> 9.56 | N10: Prod Cas | O10: 7" | S10: 38 | T10: 11.71
A11: BP7 | B11: 12.6 | C11: =B11-$O$17 -> 12.479 | F11: 7 | G11: 12.53886 | H11: =G11-$O$13 -> 12.41586 | J11: 7 | K11: 9.705 | L11: =K11-$O$21 -> 9.635 | N11: Weight | O11: 29 ppf | S11: 37 | T11: 11.71
A12: BP8 | B12: 12.593 | C12: =B12-$O$17 -> 12.472 | F12: 8 | G12: 12.224931 | H12: =G12-$O$13 -> 12.101931 | J12: 8 | K12: 9.69 | L12: =K12-$O$21 -> 9.62 | N12: Grade/ Thread | O12: Hp2 13CR 95 / JFE Lion | S12: 36 | T12: 11.275
A13: BP9 | B13: 12.103 | C13: =B13-$O$17 -> 11.982 | F13: 9 | G13: 12.359037 | H13: =G13-$O$13 -> 12.236037 | J13: 9 | K13: 9.71 | L13: =K13-$O$21 -> 9.64 | N13: Make Up Loss | O13: 0.123 | P13: meter | S13: 35 | T13: 11.71
A14: BP10 | B14: 12.07 | C14: =B14-$O$17 -> 11.949 | F14: 10 | G14: 12.694301 | H14: =G14-$O$13 -> 12.571301 | J14: 10 | K14: 9.605 | L14: =K14-$O$21 -> 9.535 | N14: Liner | O14: 7" | S14: 34 | T14: 11.715
A15: BP11 | B15: 12.54 | C15: =B15-$O$17 -> 12.419 | F15: 11 | G15: 12.08473 | H15: =G15-$O$13 -> 11.96173 | J15: 11 | K15: 9.7 | L15: =K15-$O$21 -> 9.63 | N15: Weight | O15: 26 ppf | S15: 33 | T15: 11.6
A16: BP12 | B16: 12.65 | C16: =B16-$O$17 -> 12.529 | F16: 12 | G16: 11.584883 | H16: =G16-$O$13 -> 11.461883 | J16: 12 | K16: 9.7 | L16: =K16-$O$21 -> 9.63 | N16: Grade/ Thread | O16: L80 13CR / Vam Top | S16: 32 | T16: 11.71
A17: BP13 | B17: 12.38 | C17: =B17-$O$17 -> 12.259 | F17: 13 | G17: 12.276745 | H17: =G17-$O$13 -> 12.153745 | J17: 13 | K17: 9.698 | L17: =K17-$O$21 -> 9.628 | N17: Make Up Loss | O17: 0.121 | P17: meter | S17: 31 | T17: 11.71
A18: BP14 | B18: 12.375 | C18: =B18-$O$17 -> 12.254 | F18: 14 | G18: 12.925937 | H18: =G18-$O$13 -> 12.802937 | J18: 14 | K18: 9.135 | L18: =K18-$O$21 -> 9.065 | N18: Wash Pipe | O18: 3-1/2" | S18: 30 | T18: 11.71
A19: BP15 | B19: 12.65 | C19: =B19-$O$17 -> 12.529 | F19: 15 | G19: 12.584578 | H19: =G19-$O$13 -> 12.461578 | J19: 15 | K19: 9.66 | L19: =K19-$O$21 -> 9.59 | N19: Weight | O19: 9.2 ppf | S19: 29 | T19: 11.71
A20: BP16 | B20: 12.7 | C20: =B20-$O$17 -> 12.579 | F20: 16 | G20: 12.66687 | H20: =G20-$O$13 -> 12.54387 | J20: 16 | K20: 9.69 | L20: =K20-$O$21 -> 9.62 | N20: Grade/ Thread | O20: L80 | S20: 28 | T20: 11.705
A21: BP17 | B21: 12.6 | C21: =B21-$O$17 -> 12.479 | F21: 17 | G21: 12.304176 | H21: =G21-$O$13 -> 12.181176 | J21: 17 | K21: 9.72 | L21: =K21-$O$21 -> 9.65 | N21: Make Up Loss | O21: 0.07 | P21: meter | S21: 27 | T21: 11.705
A22: BP18 | B22: 12.6 | C22: =B22-$O$17 -> 12.479 | F22: 18 | G22: 12.645535 | H22: =G22-$O$13 -> 12.522535 | J22: 18 | K22: 9.63 | L22: =K22-$O$21 -> 9.56 | O22: Landing Jt | S22: 26 | T22: 11.705
A23: L1 | B23: 12.59 | C23: =B23-$O$17 -> 12.469 | D23: Slotted | F23: 19 | G23: 12.234075 | H23: =G23-$O$13 -> 12.111075 | J23: 19 | K23: 9.603 | L23: =K23-$O$21 -> 9.533 | O23: Onboard | S23: 25 | T23: 11.695
A24: L2 | B24: 12.592 | C24: =B24-$O$17 -> 12.471 | F24: 20 | G24: 12.697348 | H24: =G24-$O$13 -> 12.574348 | J24: 20 | K24: 9.69 | L24: =K24-$O$21 -> 9.62 | O24: Back Up/Balance | S24: 24 | T24: 11.585
A25: L3 | B25: 12.075 | C25: =B25-$O$17 -> 11.954 | F25: 21 | G25: 12.505334 | H25: =G25-$O$13 -> 12.382334 | J25: 21 | K25: 9.7 | L25: =K25-$O$21 -> 9.63 | O25: Damaged | S25: 23 | T25: 11.71
A26: L4 | B26: 12.607 | C26: =B26-$O$17 -> 12.486 | F26: 22 | G26: 12.797927 | H26: =G26-$O$13 -> 12.674927 | J26: 22 | K26: 9.69 | L26: =K26-$O$21 -> 9.62 | S26: 22 | T26: 11.71
A27: L5 | B27: 12.587 | C27: =B27-$O$17 -> 12.466 | F27: 23 | G27: 12.764401 | H27: =G27-$O$13 -> 12.641401 | J27: 23 | K27: 9.7 | L27: =K27-$O$21 -> 9.63 | S27: 21 | T27: 11.71
A28: L6 | B28: 12.59 | C28: =B28-$O$17 -> 12.469 | F28: 24 | G28: 12.352941 | H28: =G28-$O$13 -> 12.229941 | J28: 24 | K28: 9.69 | L28: =K28-$O$21 -> 9.62 | M28: Bundle B | S28: 20 | T28: 11.71
A29: L7 | B29: 12.593 | C29: =B29-$O$17 -> 12.472 | F29: 25 | G29: 12.279793 | H29: =G29-$O$13 -> 12.156793 | J29: 25 | K29: 9.705 | L29: =K29-$O$21 -> 9.635 | S29: 19 | T29: 11.75
A30: L8 | B30: 12.585 | C30: =B30-$O$17 -> 12.464 | F30: 26 | G30: 12.188357 | H30: =G30-$O$13 -> 12.065357 | J30: 26 | K30: 9.69 | L30: =K30-$O$21 -> 9.62 | S30: 18 | T30: 11.71
A31: L9 | B31: 12.582 | C31: =B31-$O$17 -> 12.461 | F31: 27 | G31: 12.688205 | H31: =G31-$O$13 -> 12.565205 | J31: 27 | K31: 9.69 | L31: =K31-$O$21 -> 9.62 | S31: 17 | T31: 11.645
A32: L10 | B32: 12.587 | C32: =B32-$O$17 -> 12.466 | F32: 28 | G32: 12.359037 | H32: =G32-$O$13 -> 12.236037 | J32: 28 | K32: 9.705 | L32: =K32-$O$21 -> 9.635 | S32: 16 | T32: 11.715
A33: L11 | B33: 12.557 | C33: =B33-$O$17 -> 12.436 | F33: 29 | G33: 12.922889 | H33: =G33-$O$13 -> 12.799889 | J33: 29 | K33: 9.595 | L33: =K33-$O$21 -> 9.525 | S33: 15 | T33: 11.715
A34: L12 | B34: 12.6 | C34: =B34-$O$17 -> 12.479 | F34: 30 | G34: 12.419994 | H34: =G34-$O$13 -> 12.296994 | J34: 30 | K34: 9.695 | L34: =K34-$O$21 -> 9.625 | S34: 14 | T34: 11.71
A35: L13 | B35: 12.587 | C35: =B35-$O$17 -> 12.466 | F35: 31 | G35: 12.087778 | H35: =G35-$O$13 -> 11.964778 | J35: 31 | K35: 9.685 | L35: =K35-$O$21 -> 9.615 | S35: 13 | T35: 11.71
A36: L14 | B36: 12.593 | C36: =B36-$O$17 -> 12.472 | F36: 32 | G36: 12.432185 | H36: =G36-$O$13 -> 12.309185 | J36: 32 | K36: 9.705 | L36: =K36-$O$21 -> 9.635 | S36: 12 | T36: 11.71
A37: L15 | B37: 12.595 | C37: =B37-$O$17 -> 12.474 | F37: 33 | G37: 12.398659 | H37: =G37-$O$13 -> 12.275659 | J37: 33 | K37: 9.69 | L37: =K37-$O$21 -> 9.62 | S37: 11 | T37: 11.715
A38: L16 | B38: 12.583 | C38: =B38-$O$17 -> 12.462 | F38: 34 | G38: 11.749467 | H38: =G38-$O$13 -> 11.626467 | J38: 34 | K38: 9.695 | L38: =K38-$O$21 -> 9.625 | S38: 10 | T38: 11.71
A39: L17 | B39: 12.584 | C39: =B39-$O$17 -> 12.463 | F39: 35 | G39: 11.779945 | H39: =G39-$O$13 -> 11.656945 | J39: 35 | K39: 9.695 | L39: =K39-$O$21 -> 9.625 | S39: 9 | T39: 11.695
A40: L18 | B40: 12.58 | C40: =B40-$O$17 -> 12.459 | F40: 36 | G40: 12.627248 | H40: =G40-$O$13 -> 12.504248 | J40: 36 | K40: 9.69 | L40: =K40-$O$21 -> 9.62 | S40: 8 | T40: 11.71
F41: 37 | G41: 12.526669 | H41: =G41-$O$13 -> 12.403669 | J41: 37 | K41: 9.69 | L41: =K41-$O$21 -> 9.62 | S41: 7 | T41: 11.71
F42: 38 | G42: 12.237123 | H42: =G42-$O$13 -> 12.114123 | J42: 38 | K42: 9.525 | L42: =K42-$O$21 -> 9.455 | S42: 6 | T42: 11.705
F43: 39 | G43: 12.227979 | H43: =G43-$O$13 -> 12.104979 | J43: 39 | K43: 9.69 | L43: =K43-$O$21 -> 9.62 | S43: 5 | T43: 11.645
F44: 40 | G44: 12.770497 | H44: =G44-$O$13 -> 12.647497 | J44: 40 | K44: 9.51 | L44: =K44-$O$21 -> 9.44 | S44: 4 | T44: 11.445
F45: 41 | G45: 12.599817 | H45: =G45-$O$13 -> 12.476817 | J45: 41 | K45: 9.69 | L45: =K45-$O$21 -> 9.62 | S45: 3 | T45: 11.71
F46: 42 | G46: 12.733923 | H46: =G46-$O$13 -> 12.610923 | J46: 42 | K46: 9.69 | L46: =K46-$O$21 -> 9.62 | S46: 2 | T46: 11.71
F47: 43 | G47: 12.529717 | H47: =G47-$O$13 -> 12.406717 | J47: 43 | K47: 9.69 | L47: =K47-$O$21 -> 9.62 | S47: 1 | T47: 11.71
F48: 44 | G48: 12.746114 | H48: =G48-$O$13 -> 12.623114 | J48: 44 | K48: 9.69 | L48: =K48-$O$21 -> 9.62
F49: 45 | G49: 12.825358 | H49: =G49-$O$13 -> 12.702358 | J49: 45 | K49: 9.73 | L49: =K49-$O$21 -> 9.66
F50: 46 | G50: 12.70954 | H50: =G50-$O$13 -> 12.58654 | J50: 46 | K50: 9.69 | L50: =K50-$O$21 -> 9.62
F51: 47 | G51: 12.362085 | H51: =G51-$O$13 -> 12.239085 | J51: 47 | L51: =K51-$O$21 -> -0.07
F52: 48 | G52: 12.663822 | H52: =G52-$O$13 -> 12.540822 | J52: 48 | L52: =K52-$O$21 -> -0.07
F53: 49 | G53: 12.456568 | H53: =G53-$O$13 -> 12.333568 | J53: 49 | L53: =K53-$O$21 -> -0.07
F54: 50 | G54: 12.639439 | H54: =G54-$O$13 -> 12.516439 | J54: 50 | L54: =K54-$O$21 -> -0.07
F55: 51 | G55: 12.657726 | H55: =G55-$O$13 -> 12.534726 | J55: 51 | L55: =K55-$O$21 -> -0.07
F56: 52 | G56: 12.517525 | H56: =G56-$O$13 -> 12.394525 | J56: 52 | L56: =K56-$O$21 -> -0.07
F57: 53 | G57: 12.651631 | H57: =G57-$O$13 -> 12.528631 | J57: 53 | L57: =K57-$O$21 -> -0.07
F58: 54 | G58: 12.554099 | H58: =G58-$O$13 -> 12.431099 | J58: 54 | L58: =K58-$O$21 -> -0.07
F59: 55 | G59: 12.240171 | H59: =G59-$O$13 -> 12.117171 | J59: 55 | L59: =K59-$O$21 -> -0.07
F60: 56 | G60: 12.925937 | H60: =G60-$O$13 -> 12.802937 | J60: 56 | L60: =K60-$O$21 -> -0.07
F61: 57 | G61: 12.529717 | H61: =G61-$O$13 -> 12.406717 | J61: 57 | L61: =K61-$O$21 -> -0.07
F62: 58 | G62: 12.922889 | H62: =G62-$O$13 -> 12.799889 | J62: 58 | L62: =K62-$O$21 -> -0.07
... F72: 68 | G72: 12.270649 | H72: =G72-$O$13 -> 12.147649 | J72: 68 | L72: =K72-$O$21 -> -0.07
F73: 69 | G73: 12.82231 | H73: =G73-$O$13 -> 12.69931
F74: 70 | G74: 12.855837 | H74: =G74-$O$13 -> 12.732837
F75: 71 | G75: 12.566291 | H75: =G75-$O$13 -> 12.443291
F76: 72 | G76: 11.725084 | H76: =G76-$O$13 -> 11.602084
F77: 73 | G77: 12.103017 | H77: =G77-$O$13 -> 11.980017
F78: 74 | G78: 12.557147 | H78: =G78-$O$13 -> 12.434147
F79: 75 | G79: 12.925937 | H79: =G79-$O$13 -> 12.802937
F80: 76 | G80: 12.203596 | H80: =G80-$O$13 -> 12.080596
F81: 77 | G81: 12.36818 | H81: =G81-$O$13 -> 12.24518
F82: 78 | G82: 12.584578 | H82: =G82-$O$13 -> 12.461578
F83: 79 | G83: 12.544956 | H83: =G83-$O$13 -> 12.421956
F84: 80 | G84: 12.782688 | H84: =G84-$O$13 -> 12.659688
... F121: 117 | G121: 12.721731 | H121: =G121-$O$13 -> 12.598731
F122: 118 | G122: 12.520573 | H122: =G122-$O$13 -> 12.397573 | I122: Bundle#14 1/17
F123: 119 | G123: 12.724779 | H123: =G123-$O$13 -> 12.601779
F124: 120 | G124: 12.035965 | H124: =G124-$O$13 -> 11.912965
F125: 121 | G125: 11.938433 | H125: =G125-$O$13 -> 11.815433
F126: 122 | G126: 11.97196 | H126: =G126-$O$13 -> 11.84896
F127: 123 | G127: 12.892411 | H127: =G127-$O$13 -> 12.769411
F128: 124 | G128: 12.925937 | H128: =G128-$O$13 -> 12.802937
F129: 125 | G129: 12.554099 | H129: =G129-$O$13 -> 12.431099
F130: 126 | G130: 11.947577 | H130: =G130-$O$13 -> 11.824577
F131: 127 | G131: 11.911003 | H131: =G131-$O$13 -> 11.788003 | I131: Bundle#15 2/17
F132: 128 | G132: 12.045108 | H132: =G132-$O$13 -> 11.922108
F133: 129 | G133: 11.968912 | H133: =G133-$O$13 -> 11.845912
F134: 130 | G134: 12.429137 | H134: =G134-$O$13 -> 12.306137
F135: 131 | G135: 12.746114 | H135: =G135-$O$13 -> 12.623114
F136: 132 | G136: 12.182262 | H136: =G136-$O$13 -> 12.059262
F137: 133 | G137: 12.660774 | H137: =G137-$O$13 -> 12.537774
F138: 134 | G138: 12.560195 | H138: =G138-$O$13 -> 12.437195
F139: 135 | G139: 12.700396 | H139: =G139-$O$13 -> 12.577396
F140: 136 | G140: 12.75221 | H140: =G140-$O$13 -> 12.62921 | I140: Bundle#16 3/17
F141: 137 | G141: 12.487047 | H141: =G141-$O$13 -> 12.364047
F142: 138 | G142: 12.602865 | H142: =G142-$O$13 -> 12.479865
F143: 139 | G143: 12.852789 | H143: =G143-$O$13 -> 12.729789
F144: 140 | G144: 12.221884 | H144: =G144-$O$13 -> 12.098884
F145: 141 | G145: 12.922889 | H145: =G145-$O$13 -> 12.799889
F146: 142 | G146: 12.493142 | H146: =G146-$O$13 -> 12.370142
...

Sheet 7" JFE Pup Jts_UC
A1: =Tally!O6 -> Jerun A-4
A2: 7" 29# JFE Lion HP2 13CR 95
A4: MEASUREMENT END TO END
C5: RIH A1 | M5: M/UP LOSS: | P5: ft
C6: Space Out | O6: =Tally!O13 -> 0.123 | P6: m
C7: Damage
C8: RIH
A9: 20ft pup | E9: 15ft pup | I9: 12ft pup | M9: 10ft pup | Q9: 8ft pup
A10: No | B10: Measured | C10: Adjusted (m) | E10: No | F10: Measured | G10: Adjusted (m) | I10: No | J10: Measured | K10: Adjusted (m) | M10: No | N10: Measured | O10: Adjusted (m) | Q10: No | R10: Measured | S10: Adjusted (m)
I11: 12P1 | J11: 3.72 | K11: =J11-$O$6 -> 3.597 | L11: Meter | M11: 10P1 | N11: 3.109 | O11: =N11-$O$6 -> 2.986 | P11: Meter | Q11: 8P1 | R11: 2.502 | S11: =R11-$O$6 -> 2.379 | T11: Meter
I12: 12P2 | J12: 3.723 | K12: =J12-$O$6 -> 3.6 | L12: Meter | M12: 10P2 | N12: 3.036 | O12: =N12-$O$6 -> 2.913 | P12: Meter | Q12: 8P2 | R12: 2.502 | S12: =R12-$O$6 -> 2.379 | T12: Meter
I13: 12P3 | J13: 3.725 | K13: =J13-$O$6 -> 3.602 | L13: Meter | M13: 10P3 | N13: 3.115 | O13: =N13-$O$6 -> 2.992 | P13: Meter | Q13: 8P3 | R13: 2.49 | S13: =R13-$O$6 -> 2.367 | T13: Meter
I16: 12P10 | J16: =12.21/3.281 -> 3.7214264 | K16: =J16-$O$6 -> 3.5984264
I17: 12P11 | J17: =12.22/3.281 -> 3.7244742 | K17: =J17-$O$6 -> 3.6014742 | Q17: 8P10 | R17: =8.22/3.281 -> 2.5053337 | S17: =R17-$O$6 -> 2.3823337
I18: 12P12 | J18: =12.2/3.281 -> 3.7183785 | K18: =J18-$O$6 -> 3.5953785 | Q18: 8P11 | R18: =8.19/3.281 -> 2.4961902 | S18: =R18-$O$6 -> 2.3731902 | U18: *15ea P/jt LO for A-4
Q19: 8P12 | R19: =7.86/3.281 -> 2.3956111 | S19: =R19-$O$6 -> 2.2726111
A24: 6ft pup | E24: 4ft pup | I24: 3ft pup | M24: 2ft pup
A25: No | B25: Measured | C25: Adjusted (m) | E25: No | F25: Measured | G25: Adjusted (m) | I25: No | J25: Measured | K25: Adjusted (m) | M25: No | N25: Measured | O25: Adjusted (m)
A26: 6P1 | B26: 1.89 | C26: =B26-$O$6 -> 1.767 | D26: Meter | E26: 4P1 | F26: 1.259 | G26: =F26-$O$6 -> 1.136 | H26: Meter | I26: 3P1 | J26: 0.978 | K26: =J26-$O$6 -> 0.855 | L26: Meter
A27: 6P2 | B27: 1.896 | C27: =B27-$O$6 -> 1.773 | D27: Meter | E27: 4P2 | F27: 1.286 | G27: =F27-$O$6 -> 1.163 | H27: Meter | I27: 3P2 | J27: 0.978 | K27: =J27-$O$6 -> 0.855 | L27: Meter
A28: 6P3 | B28: 1.823 | C28: =B28-$O$6 -> 1.7 | D28: Meter | E28: 4P3 | F28: 1.286 | G28: =F28-$O$6 -> 1.163 | H28: Meter | I28: 3P3 | J28: 0.978 | K28: =J28-$O$6 -> 0.855 | L28: Meter | S28: =IF(R28>0, R28-0.0785,"")
S29: =IF(R29>0, R29-0.0785,"")
A32: 6P10 | B32: =6.22/3.281 -> 1.8957635 | C32: =B32-$O$6 -> 1.7727635 | E32: 4P10 | F32: =4.2/3.281 -> 1.2800975 | G32: =F32-$O$6 -> 1.1570975 | I32: 3P10 | J32: =3.22/3.281 -> 0.98140811 | K32: =J32-$O$6 -> 0.85840811
A33: 6P11 | B33: =5.99/3.281 -> 1.8256629 | C33: =B33-$O$6 -> 1.7026629 | E33: 4P11 | F33: =4.2/3.281 -> 1.2800975 | G33: =F33-$O$6 -> 1.1570975 | I33: 3P11 | J33: =3.22/3.281 -> 0.98140811 | K33: =J33-$O$6 -> 0.85840811
A34: 6P12 | B34: =6.21/3.281 -> 1.8927156 | C34: =B34-$O$6 -> 1.7697156 | E34: 4P12 | F34: =4.2/3.281 -> 1.2800975 | G34: =F34-$O$6 -> 1.1570975 | I34: 3P12 | J34: =3.21/3.281 -> 0.97836026 | K34: =J34-$O$6 -> 0.85536026
S37: =IF(R37>0, R37-0.0785,"")

Sheet 7" VT Pup Jts
A1: =Tally!O6 -> Jerun A-4
A2: 7" 26# VAM TOP 13CR L80
A4: MEASUREMENT END TO END
C5: RIH | M5: M/UP LOSS: | P5: ft
C6: Space Out | O6: =Tally!O17 -> 0.121 | P6: m
C7: Damage
A9: 20ft pup | E9: 15ft pup | I9: 12ft pup | M9: 10ft pup | Q9: 8ft pup
A10: No | B10: Measured | C10: Adjusted (m) | E10: No | F10: Measured | G10: Adjusted (m) | I10: No | J10: Measured | K10: Adjusted (m) | M10: No | N10: Measured | O10: Adjusted (m) | Q10: No | R10: Measured | S10: Adjusted (m)
I11: 12VT-1 | J11: 3.72 | K11: =J11-$O$6 -> 3.599 | M11: 10VT-1 | N11: 3.11 | O11: =N11-$O$6 -> 2.989 | Q11: 8VT-1 | R11: 2.505 | S11: =R11-$O$6 -> 2.384
I12: 12VT-2 | J12: 3.717 | K12: =J12-$O$6 -> 3.596 | M12: 10VT-2 | N12: 3.112 | O12: =N12-$O$6 -> 2.991 | Q12: 8VT-2 | R12: 2.508 | S12: =R12-$O$6 -> 2.387
I13: 12VT-3 | J13: 3.716 | K13: =J13-$O$6 -> 3.595 | M13: 10VT-3 | N13: 3.11 | O13: =N13-$O$6 -> 2.989
I14: 12VT-4 | J14: 3.72 | K14: =J14-$O$6 -> 3.599 | M14: 10VT-4 | N14: 3.11 | O14: =N14-$O$6 -> 2.989
I15: 12VT-5 | J15: 3.72 | K15: =J15-$O$6 -> 3.599 | M15: 10VT-5 | N15: 3.11 | O15: =N15-$O$6 -> 2.989
I16: 12VT-6 | J16: 3.718 | K16: =J16-$O$6 -> 3.597
I17: 12VT-7 | J17: 3.72 | K17: =J17-$O$6 -> 3.599
A24: 6ft pup | E24: 4ft pup | I24: 3ft pup | M24: 2ft pup
A25: No | B25: Measured | C25: Adjusted (m) | E25: No | F25: Measured | G25: Adjusted (m) | I25: No | J25: Measured | K25: Adjusted (m) | M25: No | N25: Measured | O25: Adjusted (m)
S28: =IF(R28>0, R28-0.0785,"")
S29: =IF(R29>0, R29-0.0785,"")
S37: =IF(R37>0, R37-0.0785,"")
